date,ticker,pred
2023-06-30,ABT,-0.0442657470703125
2023-07-31,ABT,-0.03199952840805054
2023-08-31,ABT,0.002827763557434082
2023-09-29,ABT,0.020165681838989258
2023-10-31,ABT,-0.006928920745849609
2023-11-30,ABT,-0.05446493625640869
2023-06-30,ADI,-0.06841474771499634
2023-07-31,ADI,-0.06486731767654419
2023-08-31,ADI,-0.03307455778121948
2023-09-29,ADI,-0.014583706855773926
2023-10-31,ADI,0.043920278549194336
2023-11-30,ADI,-0.04935944080352783
2023-06-30,AEE,-0.0048754215240478516
2023-07-31,AEE,-0.01804804801940918
2023-08-31,AEE,0.0064476728439331055
2023-09-29,AEE,0.04640817642211914
2023-10-31,AEE,0.006810307502746582
2023-11-30,AEE,-0.011207759380340576
2023-06-30,AIG,-0.041387975215911865
2023-07-31,AIG,-0.03684884309768677
2023-08-31,AIG,-0.027581512928009033
2023-09-29,AIG,-0.022108078002929688
2023-10-31,AIG,-0.039751291275024414
2023-11-30,AIG,-0.05894303321838379
2023-06-30,ALB,0.048670053482055664
2023-07-31,ALB,0.10030567646026611
2023-08-31,ALB,0.04151022434234619
2023-09-29,ALB,0.1320582628250122
2023-10-31,ALB,0.2902933359146118
2023-11-30,ALB,0.15536141395568848
2023-06-30,AMAT,-0.05970203876495361
2023-07-31,AMAT,-0.09413164854049683
2023-08-31,AMAT,-0.08299118280410767
2023-09-29,AMAT,-0.02278923988342285
2023-10-31,AMAT,0.0007501840591430664
2023-11-30,AMAT,-0.045706987380981445
2023-06-30,AMGN,0.009150028228759766
2023-07-31,AMGN,-0.015139341354370117
2023-08-31,AMGN,-0.013825595378875732
2023-09-29,AMGN,-0.03526449203491211
2023-10-31,AMGN,0.04278862476348877
2023-11-30,AMGN,-0.03633320331573486
2023-06-30,ANET,-0.04670494794845581
2023-07-31,ANET,0.0430070161819458
2023-08-31,ANET,-0.10681331157684326
2023-09-29,ANET,-0.046568989753723145
2023-10-31,ANET,-0.11484360694885254
2023-11-30,ANET,-0.10577845573425293
2023-06-30,APD,-0.09361100196838379
2023-07-31,APD,-0.07744228839874268
2023-08-31,APD,-0.07528454065322876
2023-09-29,APD,-0.02983325719833374
2023-10-31,APD,-0.05449575185775757
2023-11-30,APD,-0.03901404142379761
2023-06-30,ARE,4.553794860839844e-05
2023-07-31,ARE,-0.04330146312713623
2023-08-31,ARE,0.0010483264923095703
2023-09-29,ARE,0.05547797679901123
2023-10-31,ARE,0.03125464916229248
2023-11-30,ARE,-0.059008657932281494
2023-06-30,AVY,-0.046087563037872314
2023-07-31,AVY,-0.06335657835006714
2023-08-31,AVY,-0.06444907188415527
2023-09-29,AVY,-0.03616964817047119
2023-10-31,AVY,-0.019292771816253662
2023-11-30,AVY,-0.07336211204528809
2023-06-30,AZO,-0.06548845767974854
2023-07-31,AZO,-0.04240447282791138
2023-08-31,AZO,-0.0668061375617981
2023-09-29,AZO,-0.04860812425613403
2023-10-31,AZO,-0.037569284439086914
2023-11-30,AZO,-0.04659700393676758
2023-06-30,BAX,-0.03584080934524536
2023-07-31,BAX,0.038039207458496094
2023-08-31,BAX,0.023234248161315918
2023-09-29,BAX,0.009126663208007812
2023-10-31,BAX,0.008001446723937988
2023-11-30,BAX,-0.04055583477020264
2023-06-30,BEN,-0.040440261363983154
2023-07-31,BEN,-0.03516268730163574
2023-08-31,BEN,-0.03060203790664673
2023-09-29,BEN,0.006387114524841309
2023-10-31,BEN,-0.0022426247596740723
2023-11-30,BEN,-0.04225438833236694
2023-06-30,BKNG,-0.04573976993560791
2023-07-31,BKNG,-0.06434059143066406
2023-08-31,BKNG,-0.05557441711425781
2023-09-29,BKNG,-0.04803115129470825
2023-10-31,BKNG,-0.014613866806030273
2023-11-30,BKNG,-0.06064695119857788
2023-06-30,BNY,-0.015685856342315674
2023-07-31,BNY,-0.017361700534820557
2023-08-31,BNY,-0.015643835067749023
2023-09-29,BNY,0.024104952812194824
2023-10-31,BNY,-0.01298755407333374
2023-11-30,BNY,-0.042163312435150146
2023-06-30,BSX,-0.03866994380950928
2023-07-31,BSX,-0.007245361804962158
2023-08-31,BSX,-0.06146097183227539
2023-09-29,BSX,-0.014324665069580078
2023-10-31,BSX,-0.030107319355010986
2023-11-30,BSX,-0.053321242332458496
2023-06-30,CAH,-0.05052226781845093
2023-07-31,CAH,0.009354472160339355
2023-08-31,CAH,0.0015337467193603516
2023-09-29,CAH,0.009526848793029785
2023-10-31,CAH,0.005675673484802246
2023-11-30,CAH,-0.03006190061569214
2023-06-30,CBOE,-0.05443549156188965
2023-07-31,CBOE,-0.03791236877441406
2023-08-31,CBOE,-0.06213414669036865
2023-09-29,CBOE,-0.07751554250717163
2023-10-31,CBOE,-0.08661848306655884
2023-11-30,CBOE,-0.12734919786453247
2023-06-30,CDNS,-0.05353391170501709
2023-07-31,CDNS,-0.025053024291992188
2023-08-31,CDNS,-0.07691824436187744
2023-09-29,CDNS,-0.03681737184524536
2023-10-31,CDNS,-0.04162132740020752
2023-11-30,CDNS,-0.08665162324905396
2023-06-30,CHD,-0.06040465831756592
2023-07-31,CHD,-0.004297792911529541
2023-08-31,CHD,-0.04850590229034424
2023-09-29,CHD,0.00804281234741211
2023-10-31,CHD,-0.022067248821258545
2023-11-30,CHD,-0.0582730770111084
2023-06-30,CIEN,-0.0015584826469421387
2023-07-31,CIEN,0.0053893327713012695
2023-08-31,CIEN,-0.15848863124847412
2023-09-29,CIEN,-0.01123899221420288
2023-10-31,CIEN,-0.0019853711128234863
2023-11-30,CIEN,-0.025836169719696045
2023-06-30,CMCSA,-0.035078465938568115
2023-07-31,CMCSA,-0.06830507516860962
2023-08-31,CMCSA,-0.04250544309616089
2023-09-29,CMCSA,-0.006640136241912842
2023-10-31,CMCSA,0.008475542068481445
2023-11-30,CMCSA,-0.013715267181396484
2023-06-30,CMS,0.007654666900634766
2023-07-31,CMS,-0.007913351058959961
2023-08-31,CMS,0.012594819068908691
2023-09-29,CMS,0.05070781707763672
2023-10-31,CMS,-0.005231738090515137
2023-11-30,CMS,-0.004534900188446045
2023-06-30,COHR,-0.01879638433456421
2023-07-31,COHR,0.05884206295013428
2023-08-31,COHR,0.06912755966186523
2023-09-29,COHR,0.06390082836151123
2023-10-31,COHR,0.14980089664459229
2023-11-30,COHR,0.046660542488098145
2023-06-30,COST,-0.04852563142776489
2023-07-31,COST,-0.0464971661567688
2023-08-31,COST,-0.037848055362701416
2023-09-29,COST,-0.04686152935028076
2023-10-31,COST,-0.025482118129730225
2023-11-30,COST,-0.0622866153717041
2023-06-30,CRH,-0.08516383171081543
2023-07-31,CRH,-0.07903128862380981
2023-08-31,CRH,-0.049130380153656006
2023-09-29,CRH,-0.03681838512420654
2023-10-31,CRH,-0.021002471446990967
2023-11-30,CRH,-0.08764910697937012
2023-06-30,CSGP,-0.07165014743804932
2023-07-31,CSGP,0.006095290184020996
2023-08-31,CSGP,-0.044173240661621094
2023-09-29,CSGP,0.005767822265625
2023-10-31,CSGP,0.007113933563232422
2023-11-30,CSGP,-0.04065746068954468
2023-06-30,CVNA,0.14266550540924072
2023-07-31,CVNA,0.05177724361419678
2023-08-31,CVNA,-0.06564944982528687
2023-09-29,CVNA,0.18917572498321533
2023-10-31,CVNA,0.35335540771484375
2023-11-30,CVNA,0.18446016311645508
2023-06-30,DAL,-0.0950973629951477
2023-07-31,DAL,-0.007688760757446289
2023-08-31,DAL,-0.018597066402435303
2023-09-29,DAL,0.04162633419036865
2023-10-31,DAL,0.07828915119171143
2023-11-30,DAL,-0.012588858604431152
2023-06-30,DELL,-0.07599771022796631
2023-07-31,DELL,0.002714872360229492
2023-08-31,DELL,-0.02216416597366333
2023-09-29,DELL,-0.055337369441986084
2023-10-31,DELL,-0.05414891242980957
2023-11-30,DELL,-0.10210317373275757
2023-06-30,DHR,-0.010580897331237793
2023-07-31,DHR,-0.031198740005493164
2023-08-31,DHR,-0.041583120822906494
2023-09-29,DHR,0.009186029434204102
2023-10-31,DHR,0.06474709510803223
2023-11-30,DHR,-0.05476182699203491
2023-06-30,DOC,0.02794170379638672
2023-07-31,DOC,0.008407235145568848
2023-08-31,DOC,0.013196468353271484
2023-09-29,DOC,0.07792878150939941
2023-10-31,DOC,0.14728450775146484
2023-11-30,DOC,0.02405703067779541
2023-06-30,DRI,-0.04463636875152588
2023-07-31,DRI,-0.031575560569763184
2023-08-31,DRI,-0.008901894092559814
2023-09-29,DRI,0.004704594612121582
2023-10-31,DRI,-0.046324312686920166
2023-11-30,DRI,-0.03682076930999756
2023-06-30,DVN,0.021673917770385742
2023-07-31,DVN,-0.027622103691101074
2023-08-31,DVN,-0.00019532442092895508
2023-09-29,DVN,0.04220402240753174
2023-10-31,DVN,0.04707682132720947
2023-11-30,DVN,0.03303730487823486
2023-06-30,ECL,-0.05669224262237549
2023-07-31,ECL,-0.004238128662109375
2023-08-31,ECL,-0.03214871883392334
2023-09-29,ECL,0.013644576072692871
2023-10-31,ECL,-0.04242098331451416
2023-11-30,ECL,-0.06339943408966064
2023-06-30,EIX,-0.05048775672912598
2023-07-31,EIX,-0.05910193920135498
2023-08-31,EIX,-0.03505891561508179
2023-09-29,EIX,0.020044326782226562
2023-10-31,EIX,-0.020665764808654785
2023-11-30,EIX,-0.05559009313583374
2023-06-30,EMR,-0.058640360832214355
2023-07-31,EMR,-0.028103411197662354
2023-08-31,EMR,-0.05414712429046631
2023-09-29,EMR,-0.029040396213531494
2023-10-31,EMR,-0.0037180185317993164
2023-11-30,EMR,-0.03632110357284546
2023-06-30,ERIE,-0.0157545804977417
2023-07-31,ERIE,-0.08126175403594971
2023-08-31,ERIE,-0.0731000304222107
2023-09-29,ERIE,-0.09596520662307739
2023-10-31,ERIE,-0.03194063901901245
2023-11-30,ERIE,-0.11572098731994629
2023-06-30,ETR,0.014477014541625977
2023-07-31,ETR,-0.01927119493484497
2023-08-31,ETR,0.005514740943908691
2023-09-29,ETR,0.035443902015686035
2023-10-31,ETR,-0.0221022367477417
2023-11-30,ETR,-0.031764864921569824
2023-06-30,EXPD,-0.06671696901321411
2023-07-31,EXPD,-0.06816959381103516
2023-08-31,EXPD,-0.036543071269989014
2023-09-29,EXPD,-0.023219406604766846
2023-10-31,EXPD,0.00859832763671875
2023-11-30,EXPD,-0.06314712762832642
2023-06-30,FANG,-0.018292546272277832
2023-07-31,FANG,-0.04858797788619995
2023-08-31,FANG,-0.02494114637374878
2023-09-29,FANG,-0.014123320579528809
2023-10-31,FANG,-0.0011605024337768555
2023-11-30,FANG,-0.009672164916992188
2023-06-30,FDX,-0.09022265672683716
2023-07-31,FDX,-0.08713430166244507
2023-08-31,FDX,-0.06127631664276123
2023-09-29,FDX,-0.08166998624801636
2023-10-31,FDX,-0.05607086420059204
2023-11-30,FDX,-0.07340550422668457
2023-06-30,FICO,0.00010883808135986328
2023-07-31,FICO,0.01385641098022461
2023-08-31,FICO,-0.031953513622283936
2023-09-29,FICO,0.0388568639755249
2023-10-31,FICO,0.05138540267944336
2023-11-30,FICO,-0.05735790729522705
2023-06-30,FIX,-0.0325431227684021
2023-07-31,FIX,-0.05650055408477783
2023-08-31,FIX,-0.048805177211761475
2023-09-29,FIX,0.0240018367767334
2023-10-31,FIX,-0.12081003189086914
2023-11-30,FIX,-0.03556716442108154
2023-06-30,FRT,-0.03375113010406494
2023-07-31,FRT,-0.012204110622406006
2023-08-31,FRT,-0.00456392765045166
2023-09-29,FRT,0.03474915027618408
2023-10-31,FRT,-0.02643764019012451
2023-11-30,FRT,-0.026373863220214844
2023-06-30,GD,-0.028419196605682373
2023-07-31,GD,-0.04977989196777344
2023-08-31,GD,-0.03291553258895874
2023-09-29,GD,-0.022518515586853027
2023-10-31,GD,-0.048237740993499756
2023-11-30,GD,-0.040309250354766846
2023-06-30,GILD,-0.017806410789489746
2023-07-31,GILD,0.00021350383758544922
2023-08-31,GILD,-0.009982526302337646
2023-09-29,GILD,-0.010912716388702393
2023-10-31,GILD,-0.026878952980041504
2023-11-30,GILD,-0.03380763530731201
2023-06-30,GM,-0.046849608421325684
2023-07-31,GM,-0.004451394081115723
2023-08-31,GM,-0.007833242416381836
2023-09-29,GM,0.0020192861557006836
2023-10-31,GM,0.049649715423583984
2023-11-30,GM,-0.07651740312576294
2023-06-30,GPC,-0.08308017253875732
2023-07-31,GPC,-0.002743840217590332
2023-08-31,GPC,-0.02822655439376831
2023-09-29,GPC,-0.012975990772247314
2023-10-31,GPC,0.022215962409973145
2023-11-30,GPC,-0.012618541717529297
2023-06-30,GWW,-0.06227993965148926
2023-07-31,GWW,0.028057575225830078
2023-08-31,GWW,0.0006768703460693359
2023-09-29,GWW,0.0061501264572143555
2023-10-31,GWW,-0.027895629405975342
2023-11-30,GWW,-0.001996755599975586
2023-06-30,HCA,-0.09623837471008301
2023-07-31,HCA,-0.0037355422973632812
2023-08-31,HCA,-0.058116614818573
2023-09-29,HCA,0.0014001131057739258
2023-10-31,HCA,0.008231043815612793
2023-11-30,HCA,-0.05776822566986084
2023-06-30,HLT,-0.028715968132019043
2023-07-31,HLT,-0.040607750415802
2023-08-31,HLT,0.0025295019149780273
2023-09-29,HLT,-0.004221498966217041
2023-10-31,HLT,-0.015333771705627441
2023-11-30,HLT,-0.035250842571258545
2023-06-30,HRL,0.012218236923217773
2023-07-31,HRL,-0.014702320098876953
2023-08-31,HRL,0.03271496295928955
2023-09-29,HRL,0.018404364585876465
2023-10-31,HRL,0.019347786903381348
2023-11-30,HRL,0.07249844074249268
2023-06-30,HUBB,-0.01956266164779663
2023-07-31,HUBB,0.06988286972045898
2023-08-31,HUBB,-0.013743042945861816
2023-09-29,HUBB,0.02776801586151123
2023-10-31,HUBB,0.09341585636138916
2023-11-30,HUBB,0.0007320642471313477
2023-06-30,IBM,-0.025748252868652344
2023-07-31,IBM,-0.0682477355003357
2023-08-31,IBM,-0.06018930673599243
2023-09-29,IBM,-0.007820725440979004
2023-10-31,IBM,-0.06535381078720093
2023-11-30,IBM,-0.08836698532104492
2023-06-30,IFF,0.010616898536682129
2023-07-31,IFF,0.009927630424499512
2023-08-31,IFF,0.009521007537841797
2023-09-29,IFF,0.04901885986328125
2023-10-31,IFF,0.02453327178955078
2023-11-30,IFF,0.01768028736114502
2023-06-30,INTU,-0.031494855880737305
2023-07-31,INTU,-0.06769251823425293
2023-08-31,INTU,-0.09353077411651611
2023-09-29,INTU,-0.014419317245483398
2023-10-31,INTU,-0.005722641944885254
2023-11-30,INTU,-0.07413268089294434
2023-06-30,IR,-0.026255011558532715
2023-07-31,IR,-4.470348358154297e-06
2023-08-31,IR,-0.028708338737487793
2023-09-29,IR,0.02709972858428955
2023-10-31,IR,0.02111208438873291
2023-11-30,IR,-0.036692798137664795
2023-06-30,ITW,-0.06982642412185669
2023-07-31,ITW,-0.08138281106948853
2023-08-31,ITW,-0.061573803424835205
2023-09-29,ITW,-0.01669764518737793
2023-10-31,ITW,-0.0160142183303833
2023-11-30,ITW,-0.05384594202041626
2023-06-30,JBL,-0.01335841417312622
2023-07-31,JBL,0.04522967338562012
2023-08-31,JBL,-0.02379995584487915
2023-09-29,JBL,-0.10467386245727539
2023-10-31,JBL,0.05835068225860596
2023-11-30,JBL,0.1361616849899292
2023-06-30,JPM,-0.05617743730545044
2023-07-31,JPM,-0.06318944692611694
2023-08-31,JPM,-0.01658451557159424
2023-09-29,JPM,-0.020313620567321777
2023-10-31,JPM,-0.005852818489074707
2023-11-30,JPM,-0.06711769104003906
2023-06-30,KHC,0.011313557624816895
2023-07-31,KHC,-0.011606574058532715
2023-08-31,KHC,0.0044356584548950195
2023-09-29,KHC,9.965896606445312e-05
2023-10-31,KHC,0.005950927734375
2023-11-30,KHC,-0.04538494348526001
2023-06-30,KMB,-0.02762019634246826
2023-07-31,KMB,0.02348637580871582
2023-08-31,KMB,-0.013132333755493164
2023-09-29,KMB,0.02149224281311035
2023-10-31,KMB,0.0032973289489746094
2023-11-30,KMB,-0.02270561456680298
2023-06-30,L,-0.038518667221069336
2023-07-31,L,-0.05200439691543579
2023-08-31,L,-0.029428839683532715
2023-09-29,L,-0.02137899398803711
2023-10-31,L,-0.038467586040496826
2023-11-30,L,-0.07529234886169434
2023-06-30,LHX,-0.01213008165359497
2023-07-31,LHX,0.047225117683410645
2023-08-31,LHX,0.03421497344970703
2023-09-29,LHX,0.014954805374145508
2023-10-31,LHX,-0.005164980888366699
2023-11-30,LHX,-0.01488184928894043
2023-06-30,LLY,-0.03340423107147217
2023-07-31,LLY,-0.0022876858711242676
2023-08-31,LLY,-0.045686304569244385
2023-09-29,LLY,0.009443998336791992
2023-10-31,LLY,0.007137179374694824
2023-11-30,LLY,-0.042220234870910645
2023-06-30,LRCX,-0.06604212522506714
2023-07-31,LRCX,-0.13607269525527954
2023-08-31,LRCX,-0.0968557596206665
2023-09-29,LRCX,-0.03244668245315552
2023-10-31,LRCX,0.003474593162536621
2023-11-30,LRCX,-0.08748358488082886
2023-06-30,LYB,-0.04038894176483154
2023-07-31,LYB,-0.08047664165496826
2023-08-31,LYB,-0.04864168167114258
2023-09-29,LYB,-0.009876072406768799
2023-10-31,LYB,-0.010479152202606201
2023-11-30,LYB,-0.04016852378845215
2023-06-30,MAR,-0.05967170000076294
2023-07-31,MAR,-0.08011215925216675
2023-08-31,MAR,-0.05010706186294556
2023-09-29,MAR,-0.03625321388244629
2023-10-31,MAR,-0.02399653196334839
2023-11-30,MAR,-0.04623770713806152
2023-06-30,MCK,-0.03434491157531738
2023-07-31,MCK,0.0301969051361084
2023-08-31,MCK,0.03131520748138428
2023-09-29,MCK,-0.001125633716583252
2023-10-31,MCK,-0.010497689247131348
2023-11-30,MCK,-0.0345802903175354
2023-06-30,MET,-0.04448765516281128
2023-07-31,MET,-0.0502171516418457
2023-08-31,MET,-0.02919679880142212
2023-09-29,MET,0.0066307783126831055
2023-10-31,MET,-0.0032902956008911133
2023-11-30,MET,-0.03653937578201294
2023-06-30,MLM,-0.09761935472488403
2023-07-31,MLM,-0.037908077239990234
2023-08-31,MLM,-0.05994004011154175
2023-09-29,MLM,-0.022859573364257812
2023-10-31,MLM,-0.030177593231201172
2023-11-30,MLM,-0.07036584615707397
2023-06-30,MOS,0.013663053512573242
2023-07-31,MOS,-0.04496496915817261
2023-08-31,MOS,0.014191985130310059
2023-09-29,MOS,0.04625260829925537
2023-10-31,MOS,0.08544671535491943
2023-11-30,MOS,0.014079451560974121
2023-06-30,MRNA,0.16565096378326416
2023-07-31,MRNA,0.19857215881347656
2023-08-31,MRNA,0.1423701047897339
2023-09-29,MRNA,0.18214106559753418
2023-10-31,MRNA,0.33443522453308105
2023-11-30,MRNA,0.22937428951263428
2023-06-30,MSCI,0.01715385913848877
2023-07-31,MSCI,-0.061962008476257324
2023-08-31,MSCI,-0.025378525257110596
2023-09-29,MSCI,0.019205331802368164
2023-10-31,MSCI,0.05545663833618164
2023-11-30,MSCI,-0.00878828763961792
2023-06-30,MTD,-0.035949528217315674
2023-07-31,MTD,0.022312283515930176
2023-08-31,MTD,-0.02819925546646118
2023-09-29,MTD,0.007819533348083496
2023-10-31,MTD,0.03209114074707031
2023-11-30,MTD,-0.034775733947753906
2023-06-30,NDSN,-0.05778545141220093
2023-07-31,NDSN,-0.039412617683410645
2023-08-31,NDSN,-0.03391075134277344
2023-09-29,NDSN,0.013050675392150879
2023-10-31,NDSN,0.020038723945617676
2023-11-30,NDSN,-0.030915379524230957
2023-06-30,NI,-0.018955767154693604
2023-07-31,NI,-0.02405911684036255
2023-08-31,NI,-0.01859283447265625
2023-09-29,NI,0.06767284870147705
2023-10-31,NI,-0.006193339824676514
2023-11-30,NI,-0.0026889443397521973
2023-06-30,NRG,-0.07136934995651245
2023-07-31,NRG,-0.035675764083862305
2023-08-31,NRG,-0.02946537733078003
2023-09-29,NRG,-0.02176421880722046
2023-10-31,NRG,-0.07261514663696289
2023-11-30,NRG,-0.09667742252349854
2023-06-30,NUE,-0.08236855268478394
2023-07-31,NUE,-0.07009017467498779
2023-08-31,NUE,-0.06640201807022095
2023-09-29,NUE,-0.019535958766937256
2023-10-31,NUE,-0.007353663444519043
2023-11-30,NUE,-0.09749835729598999
2023-06-30,NWSA,-0.034663259983062744
2023-07-31,NWSA,-0.029535949230194092
2023-08-31,NWSA,-0.049894094467163086
2023-09-29,NWSA,-0.031398773193359375
2023-10-31,NWSA,-0.009624063968658447
2023-11-30,NWSA,-0.04047203063964844
2023-06-30,OKE,-0.04983782768249512
2023-07-31,OKE,-0.06126737594604492
2023-08-31,OKE,-0.032441139221191406
2023-09-29,OKE,0.005214333534240723
2023-10-31,OKE,-0.02448493242263794
2023-11-30,OKE,-0.06922638416290283
2023-06-30,ORLY,-0.0630006194114685
2023-07-31,ORLY,-0.006648421287536621
2023-08-31,ORLY,-0.03358721733093262
2023-09-29,ORLY,-0.009612023830413818
2023-10-31,ORLY,-0.05156761407852173
2023-11-30,ORLY,-0.0433080792427063
2023-06-30,PAYX,-0.019837498664855957
2023-07-31,PAYX,-0.05312460660934448
2023-08-31,PAYX,-0.03053760528564453
2023-09-29,PAYX,-0.011472702026367188
2023-10-31,PAYX,0.01851177215576172
2023-11-30,PAYX,-0.06248718500137329
2023-06-30,PEP,-0.035167694091796875
2023-07-31,PEP,-0.031646907329559326
2023-08-31,PEP,-0.02298051118850708
2023-09-29,PEP,0.009434342384338379
2023-10-31,PEP,-0.029086291790008545
2023-11-30,PEP,-0.03518861532211304
2023-06-30,PGR,-0.02047121524810791
2023-07-31,PGR,-0.014675438404083252
2023-08-31,PGR,-0.028267204761505127
2023-09-29,PGR,-0.01307600736618042
2023-10-31,PGR,-0.06313711404800415
2023-11-30,PGR,-0.05957239866256714
2023-06-30,PLD,-0.02491307258605957
2023-07-31,PLD,-0.012788951396942139
2023-08-31,PLD,-0.023890793323516846
2023-09-29,PLD,0.04014396667480469
2023-10-31,PLD,0.040561676025390625
2023-11-30,PLD,-0.04634690284729004
2023-06-30,PNW,-0.03807014226913452
2023-07-31,PNW,-0.04560375213623047
2023-08-31,PNW,-0.017346739768981934
2023-09-29,PNW,0.01662921905517578
2023-10-31,PNW,-0.02536231279373169
2023-11-30,PNW,-0.044322967529296875
2023-06-30,PRU,-0.045442163944244385
2023-07-31,PRU,-0.04835754632949829
2023-08-31,PRU,-0.043447911739349365
2023-09-29,PRU,-0.013257503509521484
2023-10-31,PRU,-0.022154688835144043
2023-11-30,PRU,-0.06498092412948608
2023-06-30,PTC,-0.028048813343048096
2023-07-31,PTC,-0.03204232454299927
2023-08-31,PTC,-0.04464364051818848
2023-09-29,PTC,-0.019064664840698242
2023-10-31,PTC,-0.01886063814163208
2023-11-30,PTC,-0.059270262718200684
2023-06-30,RCL,-0.07956492900848389
2023-07-31,RCL,-0.09634709358215332
2023-08-31,RCL,-0.03390645980834961
2023-09-29,RCL,-0.01843816041946411
2023-10-31,RCL,-0.03936910629272461
2023-11-30,RCL,-0.06321722269058228
2023-06-30,RJF,-0.045935750007629395
2023-07-31,RJF,-0.02466219663619995
2023-08-31,RJF,-0.0021324753761291504
2023-09-29,RJF,0.029592037200927734
2023-10-31,RJF,0.024320363998413086
2023-11-30,RJF,-0.01936638355255127
2023-06-30,ROL,-0.07681214809417725
2023-07-31,ROL,0.008434295654296875
2023-08-31,ROL,-0.02895420789718628
2023-09-29,ROL,-0.024649202823638916
2023-10-31,ROL,-0.08280569314956665
2023-11-30,ROL,-0.07096207141876221
2023-06-30,RTX,-0.034446895122528076
2023-07-31,RTX,0.028218388557434082
2023-08-31,RTX,-0.024461746215820312
2023-09-29,RTX,0.020408987998962402
2023-10-31,RTX,-0.0768389105796814
2023-11-30,RTX,-0.03127938508987427
2023-06-30,SCHW,-0.02004837989807129
2023-07-31,SCHW,-0.023290812969207764
2023-08-31,SCHW,0.017557501792907715
2023-09-29,SCHW,0.04448652267456055
2023-10-31,SCHW,0.002102494239807129
2023-11-30,SCHW,-0.06955480575561523
2023-06-30,SMCI,1.4727935791015625
2023-07-31,SMCI,1.3135387897491455
2023-08-31,SMCI,1.7084245681762695
2023-09-29,SMCI,1.6262774467468262
2023-10-31,SMCI,2.051809787750244
2023-11-30,SMCI,1.7353389263153076
2023-06-30,SPG,-0.04958277940750122
2023-07-31,SPG,-0.03579288721084595
2023-08-31,SPG,-0.013597965240478516
2023-09-29,SPG,0.023618459701538086
2023-10-31,SPG,-0.040257155895233154
2023-11-30,SPG,-0.05615508556365967
2023-06-30,STLD,-0.032559871673583984
2023-07-31,STLD,-0.002085387706756592
2023-08-31,STLD,-0.0051988959312438965
2023-09-29,STLD,-0.029787003993988037
2023-10-31,STLD,-0.013461828231811523
2023-11-30,STLD,-0.05308973789215088
2023-06-30,SW,0.058684349060058594
2023-07-31,SW,-0.07575863599777222
2023-08-31,SW,-0.045821189880371094
2023-09-29,SW,0.03405129909515381
2023-10-31,SW,-0.009927868843078613
2023-11-30,SW,-0.03530162572860718
2023-06-30,SYK,-0.07809078693389893
2023-07-31,SYK,-0.006459414958953857
2023-08-31,SYK,-0.04584050178527832
2023-09-29,SYK,0.004461169242858887
2023-10-31,SYK,-0.04755645990371704
2023-11-30,SYK,-0.06625890731811523
2023-06-30,TDY,-0.03252613544464111
2023-07-31,TDY,0.04153645038604736
2023-08-31,TDY,-0.04318743944168091
2023-09-29,TDY,-0.0023395419120788574
2023-10-31,TDY,0.0395050048828125
2023-11-30,TDY,-0.03357666730880737
2023-06-30,TFC,0.055842041969299316
2023-07-31,TFC,0.023714065551757812
2023-08-31,TFC,8.96453857421875e-05
2023-09-29,TFC,0.04044532775878906
2023-10-31,TFC,0.03209209442138672
2023-11-30,TFC,0.0034085512161254883
2023-06-30,TMO,-0.010729968547821045
2023-07-31,TMO,-0.025424301624298096
2023-08-31,TMO,-0.04311537742614746
2023-09-29,TMO,0.0012794733047485352
2023-10-31,TMO,0.04974997043609619
2023-11-30,TMO,-0.04562807083129883
2023-06-30,TRGP,-0.049755752086639404
2023-07-31,TRGP,-0.0292665958404541
2023-08-31,TRGP,-0.023171186447143555
2023-09-29,TRGP,-0.01107090711593628
2023-10-31,TRGP,0.014438390731811523
2023-11-30,TRGP,-0.04536449909210205
2023-06-30,TSCO,-0.04451793432235718
2023-07-31,TSCO,-0.06409525871276855
2023-08-31,TSCO,-0.03716850280761719
2023-09-29,TSCO,0.00042450428009033203
2023-10-31,TSCO,0.008497953414916992
2023-11-30,TSCO,-0.04079216718673706
2023-06-30,TTWO,-0.051377713680267334
2023-07-31,TTWO,-0.03245389461517334
2023-08-31,TTWO,-0.017157018184661865
2023-09-29,TTWO,-0.00754779577255249
2023-10-31,TTWO,0.03628408908843994
2023-11-30,TTWO,-0.0496179461479187
2023-06-30,UAL,-0.05224955081939697
2023-07-31,UAL,-0.024656295776367188
2023-08-31,UAL,-0.023041725158691406
2023-09-29,UAL,0.030518293380737305
2023-10-31,UAL,0.063590407371521
2023-11-30,UAL,0.01925373077392578
2023-06-30,UNH,-0.02730768918991089
2023-07-31,UNH,-0.050965189933776855
2023-08-31,UNH,0.014176726341247559
2023-09-29,UNH,-0.045446813106536865
2023-10-31,UNH,-0.04862433671951294
2023-11-30,UNH,-0.060751259326934814
2023-06-30,USB,-0.0020752549171447754
2023-07-31,USB,-0.03981733322143555
2023-08-31,USB,0.0051229000091552734
2023-09-29,USB,0.025598883628845215
2023-10-31,USB,0.019092559814453125
2023-11-30,USB,-0.02836287021636963
2023-06-30,VLO,-0.012411713600158691
2023-07-31,VLO,-0.03938788175582886
2023-08-31,VLO,0.02097487449645996
2023-09-29,VLO,0.013034939765930176
2023-10-31,VLO,0.022789835929870605
2023-11-30,VLO,0.005964756011962891
2023-06-30,VRSN,-0.048679232597351074
2023-07-31,VRSN,-0.008593142032623291
2023-08-31,VRSN,-0.02742868661880493
2023-09-29,VRSN,-0.01693207025527954
2023-10-31,VRSN,0.015512943267822266
2023-11-30,VRSN,-0.030677974224090576
2023-06-30,VTR,-0.016622483730316162
2023-07-31,VTR,0.008184432983398438
2023-08-31,VTR,0.022480487823486328
2023-09-29,VTR,0.0450817346572876
2023-10-31,VTR,0.03170418739318848
2023-11-30,VTR,-0.0015131235122680664
2023-06-30,WAT,-0.04059433937072754
2023-07-31,WAT,-0.013908624649047852
2023-08-31,WAT,-0.035193681716918945
2023-09-29,WAT,-0.03306227922439575
2023-10-31,WAT,0.032404303550720215
2023-11-30,WAT,-0.06338709592819214
2023-06-30,WEC,0.00420069694519043
2023-07-31,WEC,-0.0003603696823120117
2023-08-31,WEC,0.01460254192352295
2023-09-29,WEC,0.04840254783630371
2023-10-31,WEC,0.010547280311584473
2023-11-30,WEC,-0.021453678607940674
2023-06-30,WMB,-0.03166168928146362
2023-07-31,WMB,-0.009984612464904785
2023-08-31,WMB,0.0137559175491333
2023-09-29,WMB,0.01740586757659912
2023-10-31,WMB,0.016093015670776367
2023-11-30,WMB,-0.02322554588317871
2023-06-30,WST,-0.06113070249557495
2023-07-31,WST,0.00011479854583740234
2023-08-31,WST,-0.055446505546569824
2023-09-29,WST,-0.0030143260955810547
2023-10-31,WST,0.1138453483581543
2023-11-30,WST,-0.016078531742095947
2023-06-30,XEL,0.002526998519897461
2023-07-31,XEL,0.007046937942504883
2023-08-31,XEL,0.024639248847961426
2023-09-29,XEL,0.015805602073669434
2023-10-31,XEL,-0.010221540927886963
2023-11-30,XEL,-0.015018224716186523
2023-06-30,YUM,-0.06875002384185791
2023-07-31,YUM,-0.059153974056243896
2023-08-31,YUM,-0.03740501403808594
2023-09-29,YUM,-0.029410958290100098
2023-10-31,YUM,-0.041068196296691895
2023-11-30,YUM,-0.03324991464614868
2023-12-29,ABT,-0.010939300060272217
2024-01-31,ABT,0.0008990764617919922
2024-02-29,ABT,-0.02335292100906372
2024-03-28,ABT,0.010066628456115723
2024-04-30,ABT,0.029720187187194824
2024-05-31,ABT,0.03168666362762451
2023-12-29,ADI,-0.016070961952209473
2024-01-31,ADI,0.0131758451461792
2024-02-29,ADI,0.0014052391052246094
2024-03-28,ADI,-0.016176819801330566
2024-04-30,ADI,-0.029378294944763184
2024-05-31,ADI,-0.07872873544692993
2023-12-29,AEE,0.04216766357421875
2024-01-31,AEE,0.03803753852844238
2024-02-29,AEE,0.009151220321655273
2024-03-28,AEE,-0.007388412952423096
2024-04-30,AEE,0.01077735424041748
2024-05-31,AEE,0.017395853996276855
2023-12-29,AIG,-0.05067938566207886
2024-01-31,AIG,-0.05029934644699097
2024-02-29,AIG,-0.07511919736862183
2024-03-28,AIG,-0.07491928339004517
2024-04-30,AIG,-0.059734463691711426
2024-05-31,AIG,-0.06024736166000366
2023-12-29,ALB,0.016277670860290527
2024-01-31,ALB,0.11937165260314941
2024-02-29,ALB,-0.08899581432342529
2024-03-28,ALB,-0.02820444107055664
2024-04-30,ALB,0.02373063564300537
2024-05-31,ALB,0.07734239101409912
2023-12-29,AMAT,-0.030960679054260254
2024-01-31,AMAT,-0.024785876274108887
2024-02-29,AMAT,-0.10784721374511719
2024-03-28,AMAT,-0.08462899923324585
2024-04-30,AMAT,-0.06766796112060547
2024-05-31,AMAT,-0.09432607889175415
2023-12-29,AMGN,-0.05214720964431763
2024-01-31,AMGN,-0.056295692920684814
2024-02-29,AMGN,0.024184226989746094
2024-03-28,AMGN,-0.04706066846847534
2024-04-30,AMGN,-0.03101259469985962
2024-05-31,AMGN,-0.037607550621032715
2023-12-29,ANET,0.06498348712921143
2024-01-31,ANET,0.06942367553710938
2024-02-29,ANET,0.03046107292175293
2024-03-28,ANET,0.057576537132263184
2024-04-30,ANET,0.10119080543518066
2024-05-31,ANET,0.07900619506835938
2023-12-29,APD,-0.025903761386871338
2024-01-31,APD,0.02160179615020752
2024-02-29,APD,-0.004391193389892578
2024-03-28,APD,-0.004608750343322754
2024-04-30,APD,0.0034257173538208008
2024-05-31,APD,-0.033069610595703125
2023-12-29,ARE,0.008152127265930176
2024-01-31,ARE,0.05167055130004883
2024-02-29,ARE,-0.014624238014221191
2024-03-28,ARE,-0.013579130172729492
2024-04-30,ARE,0.05681455135345459
2024-05-31,ARE,0.03775334358215332
2023-12-29,AVY,-0.01580280065536499
2024-01-31,AVY,-0.00112992525100708
2024-02-29,AVY,-0.040214478969573975
2024-03-28,AVY,-0.04415702819824219
2024-04-30,AVY,-0.028357505798339844
2024-05-31,AVY,-0.033246636390686035
2023-12-29,AZO,0.032950639724731445
2024-01-31,AZO,-0.009362995624542236
2024-02-29,AZO,-0.06824958324432373
2024-03-28,AZO,-0.02687966823577881
2024-04-30,AZO,0.002408742904663086
2024-05-31,AZO,0.03403782844543457
2023-12-29,BAX,0.01856362819671631
2024-01-31,BAX,0.04097282886505127
2024-02-29,BAX,0.03178513050079346
2024-03-28,BAX,0.020711421966552734
2024-04-30,BAX,0.04245460033416748
2024-05-31,BAX,0.049042701721191406
2023-12-29,BEN,-0.032847464084625244
2024-01-31,BEN,0.0354694128036499
2024-02-29,BEN,-0.017167627811431885
2024-03-28,BEN,-0.03739571571350098
2024-04-30,BEN,0.10337305068969727
2024-05-31,BEN,0.0072869062423706055
2023-12-29,BKNG,-0.011798560619354248
2024-01-31,BKNG,0.018438100814819336
2024-02-29,BKNG,0.06785106658935547
2024-03-28,BKNG,-0.004527032375335693
2024-04-30,BKNG,0.03194105625152588
2024-05-31,BKNG,0.005121827125549316
2023-12-29,BNY,-0.02982264757156372
2024-01-31,BNY,-0.039504408836364746
2024-02-29,BNY,-0.04311501979827881
2024-03-28,BNY,-0.05849289894104004
2024-04-30,BNY,-0.03823578357696533
2024-05-31,BNY,-0.05898118019104004
2023-12-29,BSX,-0.05051666498184204
2024-01-31,BSX,-0.07121753692626953
2024-02-29,BSX,-0.04848438501358032
2024-03-28,BSX,-0.06388908624649048
2024-04-30,BSX,-0.08443278074264526
2024-05-31,BSX,-0.08358734846115112
2023-12-29,CAH,0.05525243282318115
2024-01-31,CAH,0.011664152145385742
2024-02-29,CAH,-0.0007047057151794434
2024-03-28,CAH,0.047428011894226074
2024-04-30,CAH,0.07153213024139404
2024-05-31,CAH,0.018941164016723633
2023-12-29,CBOE,0.03823375701904297
2024-01-31,CBOE,0.0534588098526001
2024-02-29,CBOE,0.03798401355743408
2024-03-28,CBOE,0.04764533042907715
2024-04-30,CBOE,0.0406186580657959
2024-05-31,CBOE,0.09488153457641602
2023-12-29,CDNS,0.01977086067199707
2024-01-31,CDNS,0.0004172325134277344
2024-02-29,CDNS,-0.010845661163330078
2024-03-28,CDNS,0.0019230842590332031
2024-04-30,CDNS,0.06348419189453125
2024-05-31,CDNS,0.02479088306427002
2023-12-29,CHD,-0.04202151298522949
2024-01-31,CHD,-0.05228954553604126
2024-02-29,CHD,-0.046350181102752686
2024-03-28,CHD,-0.050832271575927734
2024-04-30,CHD,-0.07478541135787964
2024-05-31,CHD,-0.059178948402404785
2023-12-29,CIEN,-0.0052024126052856445
2024-01-31,CIEN,-0.046043992042541504
2024-02-29,CIEN,-0.04323768615722656
2024-03-28,CIEN,0.026091337203979492
2024-04-30,CIEN,-0.006756305694580078
2024-05-31,CIEN,0.014679312705993652
2023-12-29,CMCSA,-0.005925357341766357
2024-01-31,CMCSA,-0.05433499813079834
2024-02-29,CMCSA,-0.01857835054397583
2024-03-28,CMCSA,-0.01638507843017578
2024-04-30,CMCSA,0.03734016418457031
2024-05-31,CMCSA,-0.028494715690612793
2023-12-29,CMS,0.004946589469909668
2024-01-31,CMS,0.011609792709350586
2024-02-29,CMS,0.0030660629272460938
2024-03-28,CMS,-0.01966935396194458
2024-04-30,CMS,-0.018419086933135986
2024-05-31,CMS,-0.021292924880981445
2023-12-29,COHR,0.022504210472106934
2024-01-31,COHR,-0.006574749946594238
2024-02-29,COHR,-0.02070385217666626
2024-03-28,COHR,-0.012173652648925781
2024-04-30,COHR,-0.03532052040100098
2024-05-31,COHR,0.0056563615798950195
2023-12-29,COST,-0.03501021862030029
2024-01-31,COST,-0.03597325086593628
2024-02-29,COST,-0.05733287334442139
2024-03-28,COST,-0.035877525806427
2024-04-30,COST,-0.03902941942214966
2024-05-31,COST,-0.08175832033157349
2023-12-29,CRH,0.049790263175964355
2024-01-31,CRH,0.050020456314086914
2024-02-29,CRH,-0.012692272663116455
2024-03-28,CRH,0.05383002758026123
2024-04-30,CRH,0.10027444362640381
2024-05-31,CRH,0.06172466278076172
2023-12-29,CSGP,-0.019637882709503174
2024-01-31,CSGP,-0.0021175742149353027
2024-02-29,CSGP,-0.044603168964385986
2024-03-28,CSGP,-0.06200689077377319
2024-04-30,CSGP,-0.04411202669143677
2024-05-31,CSGP,0.08845198154449463
2023-12-29,CVNA,-0.029933393001556396
2024-01-31,CVNA,-0.010209381580352783
2024-02-29,CVNA,-0.22110599279403687
2024-03-28,CVNA,-0.059009671211242676
2024-04-30,CVNA,-0.10777336359024048
2024-05-31,CVNA,0.10099232196807861
2023-12-29,DAL,0.01683175563812256
2024-01-31,DAL,0.0007249116897583008
2024-02-29,DAL,-0.026733100414276123
2024-03-28,DAL,-0.07537388801574707
2024-04-30,DAL,-0.057087481021881104
2024-05-31,DAL,-0.03043729066848755
2023-12-29,DELL,-0.04083144664764404
2024-01-31,DELL,-0.026867806911468506
2024-02-29,DELL,-0.09147065877914429
2024-03-28,DELL,-0.07143378257751465
2024-04-30,DELL,-0.09737646579742432
2024-05-31,DELL,-0.07849347591400146
2023-12-29,DHR,0.00048339366912841797
2024-01-31,DHR,-0.020343005657196045
2024-02-29,DHR,-0.011561691761016846
2024-03-28,DHR,0.010284900665283203
2024-04-30,DHR,-0.0036513209342956543
2024-05-31,DHR,0.0063974857330322266
2023-12-29,DOC,0.017721176147460938
2024-01-31,DOC,0.08405601978302002
2024-02-29,DOC,0.05785775184631348
2024-03-28,DOC,-0.0190088152885437
2024-04-30,DOC,0.026715517044067383
2024-05-31,DOC,0.0004137754440307617
2023-12-29,DRI,-0.007040143013000488
2024-01-31,DRI,-0.0068503618240356445
2024-02-29,DRI,-0.025734007358551025
2024-03-28,DRI,0.008600354194641113
2024-04-30,DRI,0.0183413028717041
2024-05-31,DRI,0.0026444196701049805
2023-12-29,DVN,-0.007182300090789795
2024-01-31,DVN,0.006685972213745117
2024-02-29,DVN,-0.02018970251083374
2024-03-28,DVN,-0.05217111110687256
2024-04-30,DVN,0.012315511703491211
2024-05-31,DVN,-0.008252501487731934
2023-12-29,ECL,-0.0031440258026123047
2024-01-31,ECL,0.008962512016296387
2024-02-29,ECL,-0.048674702644348145
2024-03-28,ECL,-0.03772944211959839
2024-04-30,ECL,-0.037142038345336914
2024-05-31,ECL,-0.02827399969100952
2023-12-29,EIX,-0.051110923290252686
2024-01-31,EIX,-0.006018400192260742
2024-02-29,EIX,-0.029439151287078857
2024-03-28,EIX,-0.05064815282821655
2024-04-30,EIX,-0.03990966081619263
2024-05-31,EIX,-0.06506472826004028
2023-12-29,EMR,-0.040953993797302246
2024-01-31,EMR,0.01623976230621338
2024-02-29,EMR,-0.05327636003494263
2024-03-28,EMR,-0.06129568815231323
2024-04-30,EMR,-0.020443737506866455
2024-05-31,EMR,-0.04404032230377197
2023-12-29,ERIE,-0.062074899673461914
2024-01-31,ERIE,-0.06324076652526855
2024-02-29,ERIE,-0.16026735305786133
2024-03-28,ERIE,-0.06923794746398926
2024-04-30,ERIE,-0.07180225849151611
2024-05-31,ERIE,-0.011114358901977539
2023-12-29,ETR,0.005231142044067383
2024-01-31,ETR,0.012296795845031738
2024-02-29,ETR,-0.009010851383209229
2024-03-28,ETR,-0.02584207057952881
2024-04-30,ETR,-0.01683574914932251
2024-05-31,ETR,-0.03744935989379883
2023-12-29,EXPD,-0.02726048231124878
2024-01-31,EXPD,-0.0038899779319763184
2024-02-29,EXPD,0.014209747314453125
2024-03-28,EXPD,-0.013958990573883057
2024-04-30,EXPD,0.0382535457611084
2024-05-31,EXPD,-0.025289535522460938
2023-12-29,FANG,-0.0018118619918823242
2024-01-31,FANG,0.000883936882019043
2024-02-29,FANG,-0.06295078992843628
2024-03-28,FANG,-0.053948283195495605
2024-04-30,FANG,-0.010809659957885742
2024-05-31,FANG,-0.03307604789733887
2023-12-29,FDX,0.03670144081115723
2024-01-31,FDX,0.03770112991333008
2024-02-29,FDX,-0.01936239004135132
2024-03-28,FDX,-0.06689101457595825
2024-04-30,FDX,0.02250039577484131
2024-05-31,FDX,0.0001951456069946289
2023-12-29,FICO,0.14521527290344238
2024-01-31,FICO,0.19085347652435303
2024-02-29,FICO,0.16720890998840332
2024-03-28,FICO,0.17139172554016113
2024-04-30,FICO,0.1976701021194458
2024-05-31,FICO,0.21181166172027588
2023-12-29,FIX,0.08001899719238281
2024-01-31,FIX,0.035352110862731934
2024-02-29,FIX,-0.1204710602760315
2024-03-28,FIX,-0.02860713005065918
2024-04-30,FIX,-0.014829516410827637
2024-05-31,FIX,-0.021052062511444092
2023-12-29,FRT,-0.004252374172210693
2024-01-31,FRT,0.0050498247146606445
2024-02-29,FRT,-0.007543325424194336
2024-03-28,FRT,-0.015864014625549316
2024-04-30,FRT,-0.02854543924331665
2024-05-31,FRT,-0.0054024457931518555
2023-12-29,GD,-0.02278459072113037
2024-01-31,GD,-0.03294694423675537
2024-02-29,GD,-0.015623748302459717
2024-03-28,GD,-0.02521306276321411
2024-04-30,GD,-0.014884352684020996
2024-05-31,GD,-0.03091520071029663
2023-12-29,GILD,-0.03871661424636841
2024-01-31,GILD,0.012047290802001953
2024-02-29,GILD,-0.005429327487945557
2024-03-28,GILD,-0.01844799518585205
2024-04-30,GILD,0.01280975341796875
2024-05-31,GILD,0.01806008815765381
2023-12-29,GM,0.020563840866088867
2024-01-31,GM,-0.05586659908294678
2024-02-29,GM,-0.021243691444396973
2024-03-28,GM,-0.05176115036010742
2024-04-30,GM,0.004212737083435059
2024-05-31,GM,-0.006003141403198242
2023-12-29,GPC,0.015481114387512207
2024-01-31,GPC,0.02526092529296875
2024-02-29,GPC,-0.013022363185882568
2024-03-28,GPC,0.006454586982727051
2024-04-30,GPC,0.006739258766174316
2024-05-31,GPC,0.05303084850311279
2023-12-29,GWW,0.007552623748779297
2024-01-31,GWW,-0.024769246578216553
2024-02-29,GWW,-0.03366208076477051
2024-03-28,GWW,-0.03640544414520264
2024-04-30,GWW,0.026019573211669922
2024-05-31,GWW,0.01642918586730957
2023-12-29,HCA,-0.02650398015975952
2024-01-31,HCA,-0.08638447523117065
2024-02-29,HCA,-0.04342198371887207
2024-03-28,HCA,-0.07004934549331665
2024-04-30,HCA,-0.02548360824584961
2024-05-31,HCA,-0.09678059816360474
2023-12-29,HLT,-0.01950085163116455
2024-01-31,HLT,-0.02410680055618286
2024-02-29,HLT,-0.043736815452575684
2024-03-28,HLT,-0.046775758266448975
2024-04-30,HLT,0.004444241523742676
2024-05-31,HLT,-0.01207578182220459
2023-12-29,HRL,-0.008203566074371338
2024-01-31,HRL,0.02369523048400879
2024-02-29,HRL,-0.14336836338043213
2024-03-28,HRL,-0.021227538585662842
2024-04-30,HRL,-0.02268439531326294
2024-05-31,HRL,0.12774622440338135
2023-12-29,HUBB,-0.022922217845916748
2024-01-31,HUBB,-0.021139323711395264
2024-02-29,HUBB,-0.07502096891403198
2024-03-28,HUBB,-0.07556968927383423
2024-04-30,HUBB,0.026734471321105957
2024-05-31,HUBB,-0.026340842247009277
2023-12-29,IBM,0.008097529411315918
2024-01-31,IBM,-0.020529091358184814
2024-02-29,IBM,0.021259427070617676
2024-03-28,IBM,0.030759334564208984
2024-04-30,IBM,0.10092711448669434
2024-05-31,IBM,0.03495430946350098
2023-12-29,IFF,0.003566145896911621
2024-01-31,IFF,0.02415597438812256
2024-02-29,IFF,0.07622694969177246
2024-03-28,IFF,-0.020964980125427246
2024-04-30,IFF,0.022099614143371582
2024-05-31,IFF,0.009514927864074707
2023-12-29,INTU,-0.00914853811264038
2024-01-31,INTU,-8.761882781982422e-06
2024-02-29,INTU,-0.01511847972869873
2024-03-28,INTU,-0.008180201053619385
2024-04-30,INTU,0.004409074783325195
2024-05-31,INTU,0.1012411117553711
2023-12-29,IR,-0.01486361026763916
2024-01-31,IR,-0.008167624473571777
2024-02-29,IR,-0.042024195194244385
2024-03-28,IR,-0.03712683916091919
2024-04-30,IR,-0.029760420322418213
2024-05-31,IR,-0.013338863849639893
2023-12-29,ITW,-0.02816098928451538
2024-01-31,ITW,-0.015289545059204102
2024-02-29,ITW,-0.022492825984954834
2024-03-28,ITW,-0.026316344738006592
2024-04-30,ITW,0.03075277805328369
2024-05-31,ITW,0.011076688766479492
2023-12-29,JBL,-0.04146319627761841
2024-01-31,JBL,-0.03877532482147217
2024-02-29,JBL,-0.08626896142959595
2024-03-28,JBL,-0.03955519199371338
2024-04-30,JBL,0.025848865509033203
2024-05-31,JBL,-0.03753495216369629
2023-12-29,JPM,-0.03105717897415161
2024-01-31,JPM,-0.03083646297454834
2024-02-29,JPM,-0.05253732204437256
2024-03-28,JPM,-0.069827139377594
2024-04-30,JPM,-0.04531222581863403
2024-05-31,JPM,-0.06372171640396118
2023-12-29,KHC,-0.044538021087646484
2024-01-31,KHC,-0.02778559923171997
2024-02-29,KHC,-0.01384812593460083
2024-03-28,KHC,-0.0696488618850708
2024-04-30,KHC,-0.05772346258163452
2024-05-31,KHC,-0.020375192165374756
2023-12-29,KMB,-0.017339885234832764
2024-01-31,KMB,-0.0023401379585266113
2024-02-29,KMB,-0.015635311603546143
2024-03-28,KMB,-0.04745358228683472
2024-04-30,KMB,-0.06425213813781738
2024-05-31,KMB,-0.028845250606536865
2023-12-29,L,-0.0014074444770812988
2024-01-31,L,-0.0010378360748291016
2024-02-29,L,-0.007013261318206787
2024-03-28,L,-0.015681803226470947
2024-04-30,L,0.007032871246337891
2024-05-31,L,-0.009455740451812744
2023-12-29,LHX,0.006306052207946777
2024-01-31,LHX,0.020999789237976074
2024-02-29,LHX,0.02530050277709961
2024-03-28,LHX,0.022333145141601562
2024-04-30,LHX,-0.004224181175231934
2024-05-31,LHX,0.0003706216812133789
2023-12-29,LLY,-0.0066988468170166016
2024-01-31,LLY,-0.0325322151184082
2024-02-29,LLY,-0.046605825424194336
2024-03-28,LLY,-0.059297025203704834
2024-04-30,LLY,-0.08512169122695923
2024-05-31,LLY,-0.08777981996536255
2023-12-29,LRCX,-0.03494161367416382
2024-01-31,LRCX,-0.04064410924911499
2024-02-29,LRCX,-0.08414775133132935
2024-03-28,LRCX,-0.0888471007347107
2024-04-30,LRCX,-0.03844106197357178
2024-05-31,LRCX,-0.05638605356216431
2023-12-29,LYB,-0.027737915515899658
2024-01-31,LYB,-0.025744497776031494
2024-02-29,LYB,-0.05946308374404907
2024-03-28,LYB,-0.049331486225128174
2024-04-30,LYB,-0.027043521404266357
2024-05-31,LYB,-0.03731006383895874
2023-12-29,MAR,-0.03078007698059082
2024-01-31,MAR,-0.02954423427581787
2024-02-29,MAR,-0.03345400094985962
2024-03-28,MAR,-0.02309364080429077
2024-04-30,MAR,0.013669490814208984
2024-05-31,MAR,0.004772067070007324
2023-12-29,MCK,-0.017902016639709473
2024-01-31,MCK,-0.033348798751831055
2024-02-29,MCK,-0.03537625074386597
2024-03-28,MCK,-0.029631495475769043
2024-04-30,MCK,-0.031072556972503662
2024-05-31,MCK,-0.052040815353393555
2023-12-29,MET,-0.002086818218231201
2024-01-31,MET,0.0009124279022216797
2024-02-29,MET,-0.015354335308074951
2024-03-28,MET,-0.02694302797317505
2024-04-30,MET,-0.00035065412521362305
2024-05-31,MET,-0.008630573749542236
2023-12-29,MLM,-0.014130473136901855
2024-01-31,MLM,-0.010081648826599121
2024-02-29,MLM,-0.06959038972854614
2024-03-28,MLM,-0.04470425844192505
2024-04-30,MLM,-0.01241910457611084
2024-05-31,MLM,-0.006013751029968262
2023-12-29,MOS,0.023141145706176758
2024-01-31,MOS,0.060626864433288574
2024-02-29,MOS,0.0012031793594360352
2024-03-28,MOS,-0.012352049350738525
2024-04-30,MOS,-0.006802380084991455
2024-05-31,MOS,0.0023909807205200195
2023-12-29,MRNA,-0.07401055097579956
2024-01-31,MRNA,0.014181733131408691
2024-02-29,MRNA,0.013128161430358887
2024-03-28,MRNA,-0.008973419666290283
2024-04-30,MRNA,-0.04271268844604492
2024-05-31,MRNA,-0.0019635558128356934
2023-12-29,MSCI,-0.03244626522064209
2024-01-31,MSCI,-0.06850892305374146
2024-02-29,MSCI,0.011443018913269043
2024-03-28,MSCI,-0.0064261555671691895
2024-04-30,MSCI,0.09481203556060791
2024-05-31,MSCI,0.018630027770996094
2023-12-29,MTD,0.00157928466796875
2024-01-31,MTD,0.029136300086975098
2024-02-29,MTD,-0.011795282363891602
2024-03-28,MTD,-2.491474151611328e-05
2024-04-30,MTD,0.03282177448272705
2024-05-31,MTD,0.034322142601013184
2023-12-29,NDSN,-0.05062901973724365
2024-01-31,NDSN,-0.0034311413764953613
2024-02-29,NDSN,-0.02078920602798462
2024-03-28,NDSN,-0.047631263732910156
2024-04-30,NDSN,0.0011245012283325195
2024-05-31,NDSN,0.06284916400909424
2023-12-29,NI,-0.005536019802093506
2024-01-31,NI,0.005201458930969238
2024-02-29,NI,-0.0071713924407958984
2024-03-28,NI,-0.030791282653808594
2024-04-30,NI,-0.024730563163757324
2024-05-31,NI,-0.030055463314056396
2023-12-29,NRG,-0.08705604076385498
2024-01-31,NRG,-0.07500338554382324
2024-02-29,NRG,-0.10714727640151978
2024-03-28,NRG,-0.14409148693084717
2024-04-30,NRG,-0.1480926275253296
2024-05-31,NRG,-0.1690019965171814
2023-12-29,NUE,-0.06404358148574829
2024-01-31,NUE,-0.12491172552108765
2024-02-29,NUE,-0.10583019256591797
2024-03-28,NUE,-0.11944818496704102
2024-04-30,NUE,0.01068568229675293
2024-05-31,NUE,-0.04212069511413574
2023-12-29,NWSA,-0.03350871801376343
2024-01-31,NWSA,-0.008821427822113037
2024-02-29,NWSA,-0.023426532745361328
2024-03-28,NWSA,-0.010285019874572754
2024-04-30,NWSA,0.01765310764312744
2024-05-31,NWSA,-0.032101571559906006
2023-12-29,OKE,-0.011879920959472656
2024-01-31,OKE,0.012148737907409668
2024-02-29,OKE,-0.04429173469543457
2024-03-28,OKE,-0.03938692808151245
2024-04-30,OKE,-0.024380743503570557
2024-05-31,OKE,-0.02572047710418701
2023-12-29,ORLY,0.034482359886169434
2024-01-31,ORLY,-0.0010962486267089844
2024-02-29,ORLY,-0.02008223533630371
2024-03-28,ORLY,-0.004128634929656982
2024-04-30,ORLY,0.07732951641082764
2024-05-31,ORLY,0.05352151393890381
2023-12-29,PAYX,0.03963017463684082
2024-01-31,PAYX,0.0005587339401245117
2024-02-29,PAYX,0.0044705867767333984
2024-03-28,PAYX,-0.007145702838897705
2024-04-30,PAYX,0.026032447814941406
2024-05-31,PAYX,0.024871110916137695
2023-12-29,PEP,0.0029021501541137695
2024-01-31,PEP,0.006585478782653809
2024-02-29,PEP,0.025414109230041504
2024-03-28,PEP,-0.021827518939971924
2024-04-30,PEP,-0.009587883949279785
2024-05-31,PEP,0.03456723690032959
2023-12-29,PGR,0.011724114418029785
2024-01-31,PGR,-0.030590295791625977
2024-02-29,PGR,-0.018557965755462646
2024-03-28,PGR,-0.04658252000808716
2024-04-30,PGR,-0.02923870086669922
2024-05-31,PGR,-0.0479736328125
2023-12-29,PLD,-0.03378701210021973
2024-01-31,PLD,0.010840892791748047
2024-02-29,PLD,-0.015911579132080078
2024-03-28,PLD,-0.010881781578063965
2024-04-30,PLD,0.10212230682373047
2024-05-31,PLD,0.0014996528625488281
2023-12-29,PNW,0.02286207675933838
2024-01-31,PNW,0.02705085277557373
2024-02-29,PNW,0.024178385734558105
2024-03-28,PNW,-0.027216851711273193
2024-04-30,PNW,-0.007352709770202637
2024-05-31,PNW,-0.03143012523651123
2023-12-29,PRU,-0.016897499561309814
2024-01-31,PRU,-0.015878796577453613
2024-02-29,PRU,-0.03336131572723389
2024-03-28,PRU,-0.05110448598861694
2024-04-30,PRU,-0.013483703136444092
2024-05-31,PRU,-0.047845423221588135
2023-12-29,PTC,-0.04418444633483887
2024-01-31,PTC,-0.047119736671447754
2024-02-29,PTC,-0.04407411813735962
2024-03-28,PTC,-0.044939279556274414
2024-04-30,PTC,-0.01470041275024414
2024-05-31,PTC,-0.004630982875823975
2023-12-29,RCL,-0.06301230192184448
2024-01-31,RCL,-0.05897551774978638
2024-02-29,RCL,-0.07178860902786255
2024-03-28,RCL,-0.07985424995422363
2024-04-30,RCL,-0.08839988708496094
2024-05-31,RCL,-0.06788653135299683
2023-12-29,RJF,-0.004182934761047363
2024-01-31,RJF,0.020724892616271973
2024-02-29,RJF,-0.030868172645568848
2024-03-28,RJF,-0.05935525894165039
2024-04-30,RJF,0.00035202503204345703
2024-05-31,RJF,-0.004791736602783203
2023-12-29,ROL,-0.04880398511886597
2024-01-31,ROL,-0.023932814598083496
2024-02-29,ROL,-0.05659890174865723
2024-03-28,ROL,-0.045174479484558105
2024-04-30,ROL,-0.04745841026306152
2024-05-31,ROL,-0.03189724683761597
2023-12-29,RTX,-0.011217176914215088
2024-01-31,RTX,-0.030841529369354248
2024-02-29,RTX,0.004287838935852051
2024-03-28,RTX,-0.040846049785614014
2024-04-30,RTX,-0.020677804946899414
2024-05-31,RTX,-0.04858589172363281
2023-12-29,SCHW,0.004933953285217285
2024-01-31,SCHW,0.041778564453125
2024-02-29,SCHW,-0.01678568124771118
2024-03-28,SCHW,-0.026640713214874268
2024-04-30,SCHW,-0.0001296401023864746
2024-05-31,SCHW,0.019345641136169434
2023-12-29,SMCI,0.009363412857055664
2024-01-31,SMCI,-0.3300199508666992
2024-02-29,SMCI,-0.5045410990715027
2024-03-28,SMCI,-0.563740611076355
2024-04-30,SMCI,-0.5092372298240662
2024-05-31,SMCI,-0.4561660885810852
2023-12-29,SPG,-0.026147902011871338
2024-01-31,SPG,0.004730224609375
2024-02-29,SPG,-0.026466190814971924
2024-03-28,SPG,-0.05874347686767578
2024-04-30,SPG,-0.005788087844848633
2024-05-31,SPG,-0.052356600761413574
2023-12-29,STLD,-0.017455220222473145
2024-01-31,STLD,-0.061506032943725586
2024-02-29,STLD,-0.0956164002418518
2024-03-28,STLD,-0.11418741941452026
2024-04-30,STLD,-0.006739199161529541
2024-05-31,STLD,-0.05164015293121338
2023-12-29,SW,-0.04376035928726196
2024-01-31,SW,-0.05592489242553711
2024-02-29,SW,-0.020603716373443604
2024-03-28,SW,-0.04304391145706177
2024-04-30,SW,-0.0021678805351257324
2024-05-31,SW,-0.05844223499298096
2023-12-29,SYK,-0.01680511236190796
2024-01-31,SYK,-0.07943981885910034
2024-02-29,SYK,-0.0372462272644043
2024-03-28,SYK,-0.0479130744934082
2024-04-30,SYK,-0.022210538387298584
2024-05-31,SYK,-0.044096946716308594
2023-12-29,TDY,-0.04421931505203247
2024-01-31,TDY,0.03077876567840576
2024-02-29,TDY,0.0047206878662109375
2024-03-28,TDY,-0.010649561882019043
2024-04-30,TDY,0.05758368968963623
2024-05-31,TDY,0.02063584327697754
2023-12-29,TFC,0.007996559143066406
2024-01-31,TFC,0.028272151947021484
2024-02-29,TFC,0.03635883331298828
2024-03-28,TFC,-0.03000950813293457
2024-04-30,TFC,0.022078990936279297
2024-05-31,TFC,0.03921091556549072
2023-12-29,TMO,-0.005846261978149414
2024-01-31,TMO,0.024164199829101562
2024-02-29,TMO,-0.017388224601745605
2024-03-28,TMO,0.0010464191436767578
2024-04-30,TMO,-0.0009314417839050293
2024-05-31,TMO,0.025858044624328613
2023-12-29,TRGP,0.007369041442871094
2024-01-31,TRGP,0.0015549659729003906
2024-02-29,TRGP,-0.021412789821624756
2024-03-28,TRGP,-0.021423041820526123
2024-04-30,TRGP,0.004875540733337402
2024-05-31,TRGP,-0.022911906242370605
2023-12-29,TSCO,0.023617863655090332
2024-01-31,TSCO,0.027157306671142578
2024-02-29,TSCO,-0.05353361368179321
2024-03-28,TSCO,-0.02813476324081421
2024-04-30,TSCO,-0.06882917881011963
2024-05-31,TSCO,-0.055108070373535156
2023-12-29,TTWO,-0.028817474842071533
2024-01-31,TTWO,-0.03038889169692993
2024-02-29,TTWO,0.02987504005432129
2024-03-28,TTWO,-0.02082228660583496
2024-04-30,TTWO,0.0025167465209960938
2024-05-31,TTWO,-0.06798356771469116
2023-12-29,UAL,0.04233825206756592
2024-01-31,UAL,0.012782931327819824
2024-02-29,UAL,-0.016703248023986816
2024-03-28,UAL,-0.04843205213546753
2024-04-30,UAL,-0.014163315296173096
2024-05-31,UAL,-0.020524561405181885
2023-12-29,UNH,0.012619376182556152
2024-01-31,UNH,0.017081737518310547
2024-02-29,UNH,0.05719649791717529
2024-03-28,UNH,0.005442619323730469
2024-04-30,UNH,0.007323265075683594
2024-05-31,UNH,0.03715193271636963
2023-12-29,USB,0.002783060073852539
2024-01-31,USB,0.019702911376953125
2024-02-29,USB,-0.015462934970855713
2024-03-28,USB,-0.03550535440444946
2024-04-30,USB,0.010498642921447754
2024-05-31,USB,0.003771543502807617
2023-12-29,VLO,-0.0036033987998962402
2024-01-31,VLO,-0.059142887592315674
2024-02-29,VLO,-0.019277751445770264
2024-03-28,VLO,-0.07262653112411499
2024-04-30,VLO,0.007014632225036621
2024-05-31,VLO,-0.02072584629058838
2023-12-29,VRSN,0.012443304061889648
2024-01-31,VRSN,0.026140809059143066
2024-02-29,VRSN,0.013365030288696289
2024-03-28,VRSN,0.02113664150238037
2024-04-30,VRSN,0.10639083385467529
2024-05-31,VRSN,0.016786694526672363
2023-12-29,VTR,-0.023749113082885742
2024-01-31,VTR,0.03289532661437988
2024-02-29,VTR,0.06152939796447754
2024-03-28,VTR,0.009301304817199707
2024-04-30,VTR,8.952617645263672e-05
2024-05-31,VTR,-0.046782612800598145
2023-12-29,WAT,-0.009920895099639893
2024-01-31,WAT,0.00870656967163086
2024-02-29,WAT,-0.016139447689056396
2024-03-28,WAT,0.015750646591186523
2024-04-30,WAT,0.032196879386901855
2024-05-31,WAT,0.10951626300811768
2023-12-29,WEC,0.014469623565673828
2024-01-31,WEC,0.033858537673950195
2024-02-29,WEC,0.023035764694213867
2024-03-28,WEC,0.0052490234375
2024-04-30,WEC,0.006725668907165527
2024-05-31,WEC,0.04051399230957031
2023-12-29,WMB,-0.02329474687576294
2024-01-31,WMB,-0.03116893768310547
2024-02-29,WMB,-0.06194561719894409
2024-03-28,WMB,-0.06068605184555054
2024-04-30,WMB,-0.023877739906311035
2024-05-31,WMB,-0.056017935276031494
2023-12-29,WST,0.019431352615356445
2024-01-31,WST,-0.03826230764389038
2024-02-29,WST,0.0401761531829834
2024-03-28,WST,-0.022871851921081543
2024-04-30,WST,0.05604863166809082
2024-05-31,WST,0.04841876029968262
2023-12-29,XEL,0.005893588066101074
2024-01-31,XEL,0.023675203323364258
2024-02-29,XEL,0.1382671594619751
2024-03-28,XEL,0.004755973815917969
2024-04-30,XEL,0.037888169288635254
2024-05-31,XEL,0.019359111785888672
2023-12-29,YUM,-0.0076392292976379395
2024-01-31,YUM,0.006995558738708496
2024-02-29,YUM,-0.032394468784332275
2024-03-28,YUM,-0.018108487129211426
2024-04-30,YUM,-0.022856295108795166
2024-05-31,YUM,-0.008945107460021973
2024-06-28,ABT,0.027736186981201172
2024-07-31,ABT,0.0013916492462158203
2024-08-30,ABT,-0.008233189582824707
2024-09-30,ABT,0.009447693824768066
2024-10-31,ABT,0.021922588348388672
2024-11-29,ABT,-0.015045225620269775
2024-06-28,ADI,0.0002384185791015625
2024-07-31,ADI,-0.014082252979278564
2024-08-30,ADI,-0.05612844228744507
2024-09-30,ADI,-0.02818620204925537
2024-10-31,ADI,0.013001203536987305
2024-11-29,ADI,-0.013477683067321777
2024-06-28,AEE,-0.0011268258094787598
2024-07-31,AEE,-0.05182516574859619
2024-08-30,AEE,-0.024404287338256836
2024-09-30,AEE,-0.05188959836959839
2024-10-31,AEE,-0.02201390266418457
2024-11-29,AEE,-0.06377816200256348
2024-06-28,AIG,-0.013296782970428467
2024-07-31,AIG,-0.04889476299285889
2024-08-30,AIG,-0.05396002531051636
2024-09-30,AIG,-0.01773768663406372
2024-10-31,AIG,-0.002991974353790283
2024-11-29,AIG,-0.03172403573989868
2024-06-28,ALB,0.14308381080627441
2024-07-31,ALB,0.06236982345581055
2024-08-30,ALB,0.010288715362548828
2024-09-30,ALB,-0.0072550177574157715
2024-10-31,ALB,0.07636034488677979
2024-11-29,ALB,0.03949546813964844
2024-06-28,AMAT,0.001185774803161621
2024-07-31,AMAT,0.041400909423828125
2024-08-30,AMAT,0.02633500099182129
2024-09-30,AMAT,-0.02953392267227173
2024-10-31,AMAT,0.051331162452697754
2024-11-29,AMAT,0.023212194442749023
2024-06-28,AMGN,-0.041787147521972656
2024-07-31,AMGN,-0.04268062114715576
2024-08-30,AMGN,-0.05835402011871338
2024-09-30,AMGN,-0.018332719802856445
2024-10-31,AMGN,-0.03786510229110718
2024-11-29,AMGN,0.009584426879882812
2024-06-28,ANET,0.03316640853881836
2024-07-31,ANET,0.07939791679382324
2024-08-30,ANET,0.08244097232818604
2024-09-30,ANET,0.048348188400268555
2024-10-31,ANET,0.11721301078796387
2024-11-29,ANET,0.057204365730285645
2024-06-28,APD,0.046889424324035645
2024-07-31,APD,-0.011269092559814453
2024-08-30,APD,-0.020420193672180176
2024-09-30,APD,-0.04982370138168335
2024-10-31,APD,-0.018473327159881592
2024-11-29,APD,-0.07903295755386353
2024-06-28,ARE,0.008220076560974121
2024-07-31,ARE,0.05570805072784424
2024-08-30,ARE,0.004680752754211426
2024-09-30,ARE,0.03995823860168457
2024-10-31,ARE,0.07285678386688232
2024-11-29,ARE,0.015092730522155762
2024-06-28,AVY,-0.0007523894309997559
2024-07-31,AVY,-0.024287521839141846
2024-08-30,AVY,-0.05739516019821167
2024-09-30,AVY,-0.041856348514556885
2024-10-31,AVY,-0.0030037760734558105
2024-11-29,AVY,-0.035858154296875
2024-06-28,AZO,-0.04491657018661499
2024-07-31,AZO,-0.07726186513900757
2024-08-30,AZO,-0.043094098567962646
2024-09-30,AZO,-0.04940706491470337
2024-10-31,AZO,0.0017254352569580078
2024-11-29,AZO,-0.050912320613861084
2024-06-28,BAX,-0.002863287925720215
2024-07-31,BAX,-0.028697848320007324
2024-08-30,BAX,-0.04892301559448242
2024-09-30,BAX,0.009119629859924316
2024-10-31,BAX,0.00679934024810791
2024-11-29,BAX,-0.02696472406387329
2024-06-28,BEN,0.015112876892089844
2024-07-31,BEN,0.024330615997314453
2024-08-30,BEN,0.06555688381195068
2024-09-30,BEN,0.030094265937805176
2024-10-31,BEN,0.012363314628601074
2024-11-29,BEN,-0.022543907165527344
2024-06-28,BKNG,-0.02341437339782715
2024-07-31,BKNG,0.02842724323272705
2024-08-30,BKNG,-0.059739768505096436
2024-09-30,BKNG,-0.05333077907562256
2024-10-31,BKNG,-0.08507418632507324
2024-11-29,BKNG,-0.06007951498031616
2024-06-28,BNY,-0.0403173565864563
2024-07-31,BNY,-0.051469624042510986
2024-08-30,BNY,-0.0692935585975647
2024-09-30,BNY,-0.0585823655128479
2024-10-31,BNY,-0.05281466245651245
2024-11-29,BNY,-0.09801846742630005
2024-06-28,BSX,0.05779290199279785
2024-07-31,BSX,0.09854316711425781
2024-08-30,BSX,0.016379237174987793
2024-09-30,BSX,0.05242109298706055
2024-10-31,BSX,0.08562850952148438
2024-11-29,BSX,0.04081869125366211
2024-06-28,CAH,0.027147650718688965
2024-07-31,CAH,-0.042983829975128174
2024-08-30,CAH,-0.04735833406448364
2024-09-30,CAH,-0.006924271583557129
2024-10-31,CAH,0.012300491333007812
2024-11-29,CAH,-0.035055696964263916
2024-06-28,CBOE,0.003722548484802246
2024-07-31,CBOE,-0.02032238245010376
2024-08-30,CBOE,-0.018871307373046875
2024-09-30,CBOE,-0.004467904567718506
2024-10-31,CBOE,-0.03363150358200073
2024-11-29,CBOE,-0.059618592262268066
2024-06-28,CDNS,0.0244901180267334
2024-07-31,CDNS,0.08888471126556396
2024-08-30,CDNS,0.04589354991912842
2024-09-30,CDNS,0.03204524517059326
2024-10-31,CDNS,-0.008220493793487549
2024-11-29,CDNS,0.0046416521072387695
2024-06-28,CHD,0.02898240089416504
2024-07-31,CHD,0.04121816158294678
2024-08-30,CHD,-0.0023136138916015625
2024-09-30,CHD,-0.010253310203552246
2024-10-31,CHD,0.02604234218597412
2024-11-29,CHD,-0.01616877317428589
2024-06-28,CIEN,-0.015318572521209717
2024-07-31,CIEN,-0.06027936935424805
2024-08-30,CIEN,-0.07522624731063843
2024-09-30,CIEN,-0.08214133977890015
2024-10-31,CIEN,-0.030108273029327393
2024-11-29,CIEN,-0.08284461498260498
2024-06-28,CMCSA,-0.03743654489517212
2024-07-31,CMCSA,-0.060813963413238525
2024-08-30,CMCSA,-0.010326862335205078
2024-09-30,CMCSA,-0.050194382667541504
2024-10-31,CMCSA,-0.05962604284286499
2024-11-29,CMCSA,-0.017849087715148926
2024-06-28,CMS,-0.0045506954193115234
2024-07-31,CMS,-0.06216239929199219
2024-08-30,CMS,-0.05066865682601929
2024-09-30,CMS,-0.05635428428649902
2024-10-31,CMS,-0.03220248222351074
2024-11-29,CMS,-0.05526846647262573
2024-06-28,COHR,-0.04573202133178711
2024-07-31,COHR,-0.006336629390716553
2024-08-30,COHR,-0.050755977630615234
2024-09-30,COHR,-0.09177792072296143
2024-10-31,COHR,-0.03324860334396362
2024-11-29,COHR,-0.08016014099121094
2024-06-28,COST,0.06898283958435059
2024-07-31,COST,0.0893716812133789
2024-08-30,COST,0.045645833015441895
2024-09-30,COST,0.08134269714355469
2024-10-31,COST,0.08408510684967041
2024-11-29,COST,0.022464990615844727
2024-06-28,CRH,0.014277338981628418
2024-07-31,CRH,-0.06479698419570923
2024-08-30,CRH,-0.06025898456573486
2024-09-30,CRH,-0.04229098558425903
2024-10-31,CRH,-0.049281179904937744
2024-11-29,CRH,-0.053674936294555664
2024-06-28,CSGP,0.009276032447814941
2024-07-31,CSGP,-0.02746748924255371
2024-08-30,CSGP,-0.023858189582824707
2024-09-30,CSGP,0.013163089752197266
2024-10-31,CSGP,0.03323924541473389
2024-11-29,CSGP,-0.062274038791656494
2024-06-28,CVNA,-0.07959240674972534
2024-07-31,CVNA,-0.005005896091461182
2024-08-30,CVNA,0.034856200218200684
2024-09-30,CVNA,-0.047094106674194336
2024-10-31,CVNA,-0.18347936868667603
2024-11-29,CVNA,-0.044023215770721436
2024-06-28,DAL,-0.022417962551116943
2024-07-31,DAL,-0.016426146030426025
2024-08-30,DAL,-0.06256687641143799
2024-09-30,DAL,-0.10708600282669067
2024-10-31,DAL,-0.11192589998245239
2024-11-29,DAL,-0.11088651418685913
2024-06-28,DELL,0.23913347721099854
2024-07-31,DELL,0.3390697240829468
2024-08-30,DELL,0.11958026885986328
2024-09-30,DELL,0.17443978786468506
2024-10-31,DELL,0.20535826683044434
2024-11-29,DELL,0.2931748628616333
2024-06-28,DHR,0.023227453231811523
2024-07-31,DHR,-0.07271647453308105
2024-08-30,DHR,-0.01319730281829834
2024-09-30,DHR,-0.03392523527145386
2024-10-31,DHR,0.04917407035827637
2024-11-29,DHR,0.0031981468200683594
2024-06-28,DOC,0.01729285717010498
2024-07-31,DOC,-0.018031716346740723
2024-08-30,DOC,-0.005146205425262451
2024-09-30,DOC,-0.015908896923065186
2024-10-31,DOC,0.0064585208892822266
2024-11-29,DOC,-0.0042763352394104
2024-06-28,DRI,-0.012747406959533691
2024-07-31,DRI,-0.028589844703674316
2024-08-30,DRI,-0.054356515407562256
2024-09-30,DRI,-0.018822669982910156
2024-10-31,DRI,-0.013979852199554443
2024-11-29,DRI,-0.07384735345840454
2024-06-28,DVN,-0.020983874797821045
2024-07-31,DVN,-0.00882565975189209
2024-08-30,DVN,-0.0030635595321655273
2024-09-30,DVN,0.03595757484436035
2024-10-31,DVN,0.04018902778625488
2024-11-29,DVN,0.027050137519836426
2024-06-28,ECL,-0.03316265344619751
2024-07-31,ECL,0.0038404464721679688
2024-08-30,ECL,-0.07914620637893677
2024-09-30,ECL,-0.06584101915359497
2024-10-31,ECL,-0.018281221389770508
2024-11-29,ECL,-0.05865448713302612
2024-06-28,EIX,-0.019959986209869385
2024-07-31,EIX,-0.08533865213394165
2024-08-30,EIX,-0.08648443222045898
2024-09-30,EIX,-0.07550525665283203
2024-10-31,EIX,-0.03586000204086304
2024-11-29,EIX,-0.08533811569213867
2024-06-28,EMR,-0.04209214448928833
2024-07-31,EMR,-0.04208242893218994
2024-08-30,EMR,-0.032687246799468994
2024-09-30,EMR,-0.06284403800964355
2024-10-31,EMR,-0.01595437526702881
2024-11-29,EMR,-0.0752670168876648
2024-06-28,ERIE,-0.027620971202850342
2024-07-31,ERIE,-0.12852132320404053
2024-08-30,ERIE,-0.10452693700790405
2024-09-30,ERIE,-0.08947068452835083
2024-10-31,ERIE,0.0016976594924926758
2024-11-29,ERIE,-0.07179731130599976
2024-06-28,ETR,-0.03287327289581299
2024-07-31,ETR,-0.08580833673477173
2024-08-30,ETR,-0.08314526081085205
2024-09-30,ETR,-0.11602747440338135
2024-10-31,ETR,-0.2212904691696167
2024-11-29,ETR,-0.1859474778175354
2024-06-28,EXPD,-0.01538705825805664
2024-07-31,EXPD,-0.02995312213897705
2024-08-30,EXPD,-0.027085602283477783
2024-09-30,EXPD,-0.06620258092880249
2024-10-31,EXPD,0.0028339624404907227
2024-11-29,EXPD,-0.020398318767547607
2024-06-28,FANG,-0.030057430267333984
2024-07-31,FANG,0.005061149597167969
2024-08-30,FANG,-0.0005755424499511719
2024-09-30,FANG,0.04146456718444824
2024-10-31,FANG,0.038594961166381836
2024-11-29,FANG,0.018983840942382812
2024-06-28,FDX,-0.16535967588424683
2024-07-31,FDX,-0.0554577112197876
2024-08-30,FDX,-0.07370150089263916
2024-09-30,FDX,-0.04038721323013306
2024-10-31,FDX,-0.05290144681930542
2024-11-29,FDX,-0.07446086406707764
2024-06-28,FICO,-0.07643961906433105
2024-07-31,FICO,-0.04448425769805908
2024-08-30,FICO,-0.05041378736495972
2024-09-30,FICO,-0.09231793880462646
2024-10-31,FICO,-0.0734207034111023
2024-11-29,FICO,-0.14384061098098755
2024-06-28,FIX,0.11696898937225342
2024-07-31,FIX,0.004201173782348633
2024-08-30,FIX,0.0011589527130126953
2024-09-30,FIX,-0.020527362823486328
2024-10-31,FIX,0.047128915786743164
2024-11-29,FIX,-0.08287417888641357
2024-06-28,FRT,-0.016924262046813965
2024-07-31,FRT,-0.04814678430557251
2024-08-30,FRT,-0.03996843099594116
2024-09-30,FRT,-0.0342252254486084
2024-10-31,FRT,-0.012748003005981445
2024-11-29,FRT,-0.0528903603553772
2024-06-28,GD,0.01798844337463379
2024-07-31,GD,-0.03201836347579956
2024-08-30,GD,-0.02038264274597168
2024-09-30,GD,-0.00023871660232543945
2024-10-31,GD,0.03579413890838623
2024-11-29,GD,0.01895749568939209
2024-06-28,GILD,-0.024104833602905273
2024-07-31,GILD,-0.03962224721908569
2024-08-30,GILD,-0.05139070749282837
2024-09-30,GILD,-0.036185383796691895
2024-10-31,GILD,-0.045873165130615234
2024-11-29,GILD,-0.05621284246444702
2024-06-28,GM,0.0129622220993042
2024-07-31,GM,0.04774594306945801
2024-08-30,GM,-0.05060380697250366
2024-09-30,GM,0.05015552043914795
2024-10-31,GM,0.009268522262573242
2024-11-29,GM,0.017130374908447266
2024-06-28,GPC,0.013287782669067383
2024-07-31,GPC,-0.05427694320678711
2024-08-30,GPC,-0.02033323049545288
2024-09-30,GPC,-0.011874735355377197
2024-10-31,GPC,0.1033787727355957
2024-11-29,GPC,-0.022305011749267578
2024-06-28,GWW,0.011766195297241211
2024-07-31,GWW,-0.030496060848236084
2024-08-30,GWW,-0.022603213787078857
2024-09-30,GWW,-0.03385835886001587
2024-10-31,GWW,-0.04067891836166382
2024-11-29,GWW,-0.05790966749191284
2024-06-28,HCA,0.04618799686431885
2024-07-31,HCA,-0.07613235712051392
2024-08-30,HCA,-0.06116515398025513
2024-09-30,HCA,-0.04647326469421387
2024-10-31,HCA,0.054029226303100586
2024-11-29,HCA,0.025681257247924805
2024-06-28,HLT,-0.02741187810897827
2024-07-31,HLT,0.013418316841125488
2024-08-30,HLT,-0.027248799800872803
2024-09-30,HLT,-0.03477603197097778
2024-10-31,HLT,-0.0026252269744873047
2024-11-29,HLT,-0.03059077262878418
2024-06-28,HRL,0.030079960823059082
2024-07-31,HRL,-0.0012112855911254883
2024-08-30,HRL,0.008334994316101074
2024-09-30,HRL,0.02463996410369873
2024-10-31,HRL,0.03885316848754883
2024-11-29,HRL,-0.03598809242248535
2024-06-28,HUBB,0.03266727924346924
2024-07-31,HUBB,-0.05856895446777344
2024-08-30,HUBB,-0.051294684410095215
2024-09-30,HUBB,-0.04737311601638794
2024-10-31,HUBB,0.015272736549377441
2024-11-29,HUBB,-0.048626482486724854
2024-06-28,IBM,-0.035233914852142334
2024-07-31,IBM,-0.056202709674835205
2024-08-30,IBM,-0.060141682624816895
2024-09-30,IBM,-0.05630016326904297
2024-10-31,IBM,0.02887248992919922
2024-11-29,IBM,-0.08055883646011353
2024-06-28,IFF,0.03413724899291992
2024-07-31,IFF,0.007259011268615723
2024-08-30,IFF,-0.019597411155700684
2024-09-30,IFF,0.0036907196044921875
2024-10-31,IFF,0.0534747838973999
2024-11-29,IFF,0.02317368984222412
2024-06-28,INTU,-0.053935348987579346
2024-07-31,INTU,-0.0036613941192626953
2024-08-30,INTU,0.021950364112854004
2024-09-30,INTU,0.036514878273010254
2024-10-31,INTU,0.018881559371948242
2024-11-29,INTU,0.030282974243164062
2024-06-28,IR,0.054282307624816895
2024-07-31,IR,0.00850987434387207
2024-08-30,IR,0.03263986110687256
2024-09-30,IR,-0.0021734237670898438
2024-10-31,IR,0.06458055973052979
2024-11-29,IR,0.023615121841430664
2024-06-28,ITW,0.0037800073623657227
2024-07-31,ITW,-0.016648948192596436
2024-08-30,ITW,-0.038512349128723145
2024-09-30,ITW,-0.04460805654525757
2024-10-31,ITW,-0.025681614875793457
2024-11-29,ITW,-0.04591864347457886
2024-06-28,JBL,0.07692646980285645
2024-07-31,JBL,0.007919669151306152
2024-08-30,JBL,-0.0035291314125061035
2024-09-30,JBL,-0.055168747901916504
2024-10-31,JBL,0.009029507637023926
2024-11-29,JBL,-0.043792545795440674
2024-06-28,JPM,-0.03418463468551636
2024-07-31,JPM,-0.025593161582946777
2024-08-30,JPM,-0.05707681179046631
2024-09-30,JPM,-0.017806053161621094
2024-10-31,JPM,-0.018319129943847656
2024-11-29,JPM,-0.05568850040435791
2024-06-28,KHC,0.014515399932861328
2024-07-31,KHC,-0.06832230091094971
2024-08-30,KHC,-0.027395009994506836
2024-09-30,KHC,-0.013602674007415771
2024-10-31,KHC,0.03577589988708496
2024-11-29,KHC,-0.025342345237731934
2024-06-28,KMB,-0.023654043674468994
2024-07-31,KMB,0.012594938278198242
2024-08-30,KMB,-0.042229294776916504
2024-09-30,KMB,-0.03157246112823486
2024-10-31,KMB,0.008866071701049805
2024-11-29,KMB,-0.045563578605651855
2024-06-28,L,0.014734268188476562
2024-07-31,L,-0.015592634677886963
2024-08-30,L,-0.02526956796646118
2024-09-30,L,0.0020319223403930664
2024-10-31,L,0.021384000778198242
2024-11-29,L,-0.024330437183380127
2024-06-28,LHX,-0.048792362213134766
2024-07-31,LHX,-0.02072739601135254
2024-08-30,LHX,-0.07238537073135376
2024-09-30,LHX,-0.0710974931716919
2024-10-31,LHX,-0.06364893913269043
2024-11-29,LHX,-0.0549769401550293
2024-06-28,LLY,-0.043628990650177
2024-07-31,LLY,0.0595097541809082
2024-08-30,LLY,-0.056214869022369385
2024-09-30,LLY,0.011005759239196777
2024-10-31,LLY,0.063224196434021
2024-11-29,LLY,-0.028358876705169678
2024-06-28,LRCX,-0.040638864040374756
2024-07-31,LRCX,0.027893543243408203
2024-08-30,LRCX,0.017871737480163574
2024-09-30,LRCX,-0.036888182163238525
2024-10-31,LRCX,0.02815115451812744
2024-11-29,LRCX,-0.008324027061462402
2024-06-28,LYB,-0.030967354774475098
2024-07-31,LYB,-0.05638933181762695
2024-08-30,LYB,-0.05348646640777588
2024-09-30,LYB,-0.03988081216812134
2024-10-31,LYB,0.004950761795043945
2024-11-29,LYB,-0.021029353141784668
2024-06-28,MAR,-0.011959552764892578
2024-07-31,MAR,0.04953360557556152
2024-08-30,MAR,-0.04953664541244507
2024-09-30,MAR,-0.03917640447616577
2024-10-31,MAR,-0.006077706813812256
2024-11-29,MAR,-0.0452616810798645
2024-06-28,MCK,0.021181941032409668
2024-07-31,MCK,-0.039934754371643066
2024-08-30,MCK,-0.0015752911567687988
2024-09-30,MCK,0.030651450157165527
2024-10-31,MCK,0.018199682235717773
2024-11-29,MCK,-0.02806830406188965
2024-06-28,MET,-0.0119706392288208
2024-07-31,MET,-0.04846954345703125
2024-08-30,MET,-0.07038813829421997
2024-09-30,MET,-0.06742388010025024
2024-10-31,MET,0.02593517303466797
2024-11-29,MET,-0.08464270830154419
2024-06-28,MLM,0.0083390474319458
2024-07-31,MLM,-0.06087028980255127
2024-08-30,MLM,-0.0019415616989135742
2024-09-30,MLM,-0.012585580348968506
2024-10-31,MLM,-0.045963823795318604
2024-11-29,MLM,-0.021366000175476074
2024-06-28,MOS,0.010206341743469238
2024-07-31,MOS,0.005125761032104492
2024-08-30,MOS,0.012206196784973145
2024-09-30,MOS,-0.0008077621459960938
2024-10-31,MOS,0.022336483001708984
2024-11-29,MOS,0.01899397373199463
2024-06-28,MRNA,0.23844218254089355
2024-07-31,MRNA,0.11783790588378906
2024-08-30,MRNA,0.23303866386413574
2024-09-30,MRNA,0.20971381664276123
2024-10-31,MRNA,0.25294625759124756
2024-11-29,MRNA,0.2650712728500366
2024-06-28,MSCI,0.03648102283477783
2024-07-31,MSCI,-0.026652097702026367
2024-08-30,MSCI,-0.033142030239105225
2024-09-30,MSCI,-0.0377354621887207
2024-10-31,MSCI,0.0248415470123291
2024-11-29,MSCI,-0.0419384241104126
2024-06-28,MTD,0.03460729122161865
2024-07-31,MTD,-0.07699137926101685
2024-08-30,MTD,-0.007976710796356201
2024-09-30,MTD,-0.049633681774139404
2024-10-31,MTD,0.060317158699035645
2024-11-29,MTD,0.008935093879699707
2024-06-28,NDSN,0.004434943199157715
2024-07-31,NDSN,-0.03910106420516968
2024-08-30,NDSN,-0.03798431158065796
2024-09-30,NDSN,-0.03456878662109375
2024-10-31,NDSN,0.013046860694885254
2024-11-29,NDSN,-0.022763609886169434
2024-06-28,NI,-0.027869701385498047
2024-07-31,NI,-0.05897963047027588
2024-08-30,NI,-0.06483912467956543
2024-09-30,NI,-0.0711401104927063
2024-10-31,NI,-0.07476300001144409
2024-11-29,NI,-0.10420268774032593
2024-06-28,NRG,0.15315711498260498
2024-07-31,NRG,0.11904346942901611
2024-08-30,NRG,0.07808685302734375
2024-09-30,NRG,0.047868967056274414
2024-10-31,NRG,0.10687291622161865
2024-11-29,NRG,0.055457234382629395
2024-06-28,NUE,0.021071314811706543
2024-07-31,NUE,0.00977170467376709
2024-08-30,NUE,0.014562368392944336
2024-09-30,NUE,0.014683127403259277
2024-10-31,NUE,0.08892261981964111
2024-11-29,NUE,0.015065789222717285
2024-06-28,NWSA,-0.01616722345352173
2024-07-31,NWSA,-0.0076146721839904785
2024-08-30,NWSA,-0.027164697647094727
2024-09-30,NWSA,-0.01769721508026123
2024-10-31,NWSA,-0.03870195150375366
2024-11-29,NWSA,-0.01551675796508789
2024-06-28,OKE,-0.029136240482330322
2024-07-31,OKE,-0.016669929027557373
2024-08-30,OKE,-0.06651574373245239
2024-09-30,OKE,-0.0013401508331298828
2024-10-31,OKE,-0.02816307544708252
2024-11-29,OKE,-0.06002932786941528
2024-06-28,ORLY,-0.02643752098083496
2024-07-31,ORLY,-0.06387907266616821
2024-08-30,ORLY,-0.02259647846221924
2024-09-30,ORLY,-0.03709721565246582
2024-10-31,ORLY,0.0035246610641479492
2024-11-29,ORLY,-0.05159801244735718
2024-06-28,PAYX,0.010184407234191895
2024-07-31,PAYX,-0.062205374240875244
2024-08-30,PAYX,-0.06219935417175293
2024-09-30,PAYX,-0.0502433180809021
2024-10-31,PAYX,-0.04552137851715088
2024-11-29,PAYX,-0.07611781358718872
2024-06-28,PEP,0.009057998657226562
2024-07-31,PEP,-0.030455350875854492
2024-08-30,PEP,-0.0033829808235168457
2024-09-30,PEP,0.009388923645019531
2024-10-31,PEP,0.02599358558654785
2024-11-29,PEP,-0.00922328233718872
2024-06-28,PGR,0.024958133697509766
2024-07-31,PGR,0.022739887237548828
2024-08-30,PGR,-0.05274111032485962
2024-09-30,PGR,-0.00010067224502563477
2024-10-31,PGR,0.022625207901000977
2024-11-29,PGR,-0.03952300548553467
2024-06-28,PLD,0.008295536041259766
2024-07-31,PLD,-0.020301342010498047
2024-08-30,PLD,-0.01164543628692627
2024-09-30,PLD,0.009809374809265137
2024-10-31,PLD,0.07357609272003174
2024-11-29,PLD,0.008516311645507812
2024-06-28,PNW,-0.031918227672576904
2024-07-31,PNW,-0.08352625370025635
2024-08-30,PNW,-0.07588207721710205
2024-09-30,PNW,-0.06890624761581421
2024-10-31,PNW,-0.07016646862030029
2024-11-29,PNW,-0.10694164037704468
2024-06-28,PRU,-0.0202791690826416
2024-07-31,PRU,-0.031305551528930664
2024-08-30,PRU,-0.06553071737289429
2024-09-30,PRU,-0.033586978912353516
2024-10-31,PRU,-0.0011739730834960938
2024-11-29,PRU,-0.04807943105697632
2024-06-28,PTC,-0.04316747188568115
2024-07-31,PTC,-0.015370845794677734
2024-08-30,PTC,-0.035094618797302246
2024-09-30,PTC,-0.03950577974319458
2024-10-31,PTC,-0.023022890090942383
2024-11-29,PTC,-0.055515825748443604
2024-06-28,RCL,-0.07326006889343262
2024-07-31,RCL,-0.02462291717529297
2024-08-30,RCL,-0.06472641229629517
2024-09-30,RCL,-0.07170760631561279
2024-10-31,RCL,-0.08358556032180786
2024-11-29,RCL,-0.11307859420776367
2024-06-28,RJF,-0.049199581146240234
2024-07-31,RJF,-0.02333509922027588
2024-08-30,RJF,-0.04790449142456055
2024-09-30,RJF,-0.03113788366317749
2024-10-31,RJF,-0.10631078481674194
2024-11-29,RJF,-0.12718874216079712
2024-06-28,ROL,-0.04424399137496948
2024-07-31,ROL,-0.025219619274139404
2024-08-30,ROL,-0.061023592948913574
2024-09-30,ROL,-0.051835060119628906
2024-10-31,ROL,-0.013582170009613037
2024-11-29,ROL,-0.05185979604721069
2024-06-28,RTX,0.023190021514892578
2024-07-31,RTX,-0.09269332885742188
2024-08-30,RTX,-0.06414365768432617
2024-09-30,RTX,-0.04125088453292847
2024-10-31,RTX,-0.007425129413604736
2024-11-29,RTX,-0.04489481449127197
2024-06-28,SCHW,-0.01385962963104248
2024-07-31,SCHW,0.02086663246154785
2024-08-30,SCHW,-0.005710780620574951
2024-09-30,SCHW,-0.00512462854385376
2024-10-31,SCHW,-0.003353416919708252
2024-11-29,SCHW,-0.054819583892822266
2024-06-28,SMCI,0.19878435134887695
2024-07-31,SMCI,0.2738149166107178
2024-08-30,SMCI,0.660537600517273
2024-09-30,SMCI,0.45350539684295654
2024-10-31,SMCI,1.123274803161621
2024-11-29,SMCI,0.2713949680328369
2024-06-28,SPG,-0.045555710792541504
2024-07-31,SPG,-0.036376893520355225
2024-08-30,SPG,-0.06731706857681274
2024-09-30,SPG,-0.05983656644821167
2024-10-31,SPG,-0.03162282705307007
2024-11-29,SPG,-0.07549011707305908
2024-06-28,STLD,-0.032647907733917236
2024-07-31,STLD,-0.037384986877441406
2024-08-30,STLD,0.0069779157638549805
2024-09-30,STLD,-0.05175125598907471
2024-10-31,STLD,0.0017442703247070312
2024-11-29,STLD,-0.03920179605484009
2024-06-28,SW,-0.023982107639312744
2024-07-31,SW,0.024725914001464844
2024-08-30,SW,-0.09331405162811279
2024-09-30,SW,-0.07549071311950684
2024-10-31,SW,-0.13936114311218262
2024-11-29,SW,-0.06771135330200195
2024-06-28,SYK,-0.0012007355690002441
2024-07-31,SYK,0.018825650215148926
2024-08-30,SYK,-0.050933003425598145
2024-09-30,SYK,-0.010657548904418945
2024-10-31,SYK,-0.003277301788330078
2024-11-29,SYK,-0.04217636585235596
2024-06-28,TDY,0.017380595207214355
2024-07-31,TDY,-0.03592401742935181
2024-08-30,TDY,-0.03531128168106079
2024-09-30,TDY,-0.023426473140716553
2024-10-31,TDY,-0.0208471417427063
2024-11-29,TDY,-0.05122983455657959
2024-06-28,TFC,-0.052399396896362305
2024-07-31,TFC,-0.04629981517791748
2024-08-30,TFC,-0.04789203405380249
2024-09-30,TFC,-0.02819770574569702
2024-10-31,TFC,-0.015085160732269287
2024-11-29,TFC,-0.04393506050109863
2024-06-28,TMO,0.047016263008117676
2024-07-31,TMO,-0.05655735731124878
2024-08-30,TMO,-0.006203293800354004
2024-09-30,TMO,-0.0037911534309387207
2024-10-31,TMO,0.0771489143371582
2024-11-29,TMO,0.02731454372406006
2024-06-28,TRGP,-0.0005398392677307129
2024-07-31,TRGP,0.024273276329040527
2024-08-30,TRGP,0.012983083724975586
2024-09-30,TRGP,0.0638728141784668
2024-10-31,TRGP,0.02404308319091797
2024-11-29,TRGP,0.005952358245849609
2024-06-28,TSCO,0.03532600402832031
2024-07-31,TSCO,0.026946544647216797
2024-08-30,TSCO,0.008531451225280762
2024-09-30,TSCO,-0.03452533483505249
2024-10-31,TSCO,0.08073222637176514
2024-11-29,TSCO,-0.012898445129394531
2024-06-28,TTWO,0.01956021785736084
2024-07-31,TTWO,0.011760115623474121
2024-08-30,TTWO,-0.04093945026397705
2024-09-30,TTWO,-0.0021504759788513184
2024-10-31,TTWO,-0.0196458101272583
2024-11-29,TTWO,-0.05245077610015869
2024-06-28,UAL,0.015543937683105469
2024-07-31,UAL,0.040744900703430176
2024-08-30,UAL,-0.014163076877593994
2024-09-30,UAL,-0.0720897912979126
2024-10-31,UAL,-0.10119634866714478
2024-11-29,UAL,-0.10334688425064087
2024-06-28,UNH,-0.044421374797821045
2024-07-31,UNH,-0.07386994361877441
2024-08-30,UNH,-0.052734315395355225
2024-09-30,UNH,-0.04210013151168823
2024-10-31,UNH,-0.022191524505615234
2024-11-29,UNH,-0.0642775297164917
2024-06-28,USB,-0.014505743980407715
2024-07-31,USB,-0.015480458736419678
2024-08-30,USB,-0.0642702579498291
2024-09-30,USB,-0.03230595588684082
2024-10-31,USB,-0.023218750953674316
2024-11-29,USB,-0.056406378746032715
2024-06-28,VLO,-0.03103703260421753
2024-07-31,VLO,-0.058194756507873535
2024-08-30,VLO,-0.011405706405639648
2024-09-30,VLO,0.0078200101852417
2024-10-31,VLO,0.03714275360107422
2024-11-29,VLO,0.004016876220703125
2024-06-28,VRSN,0.05724358558654785
2024-07-31,VRSN,0.005307912826538086
2024-08-30,VRSN,0.02676701545715332
2024-09-30,VRSN,0.008985042572021484
2024-10-31,VRSN,0.089699387550354
2024-11-29,VRSN,0.02337467670440674
2024-06-28,VTR,-0.038251519203186035
2024-07-31,VTR,-0.05324465036392212
2024-08-30,VTR,-0.10328495502471924
2024-09-30,VTR,-0.08649665117263794
2024-10-31,VTR,-0.09648704528808594
2024-11-29,VTR,-0.08604109287261963
2024-06-28,WAT,0.013178586959838867
2024-07-31,WAT,-0.08782082796096802
2024-08-30,WAT,-0.04231494665145874
2024-09-30,WAT,-0.07683587074279785
2024-10-31,WAT,0.025799870491027832
2024-11-29,WAT,-0.06700724363327026
2024-06-28,WEC,0.014368534088134766
2024-07-31,WEC,-0.0463184118270874
2024-08-30,WEC,-0.04103928804397583
2024-09-30,WEC,-0.039786696434020996
2024-10-31,WEC,-0.013259828090667725
2024-11-29,WEC,-0.058041274547576904
2024-06-28,WMB,-0.03047633171081543
2024-07-31,WMB,-0.018027961254119873
2024-08-30,WMB,-0.04295766353607178
2024-09-30,WMB,-0.028957128524780273
2024-10-31,WMB,-0.03510129451751709
2024-11-29,WMB,-0.04839593172073364
2024-06-28,WST,0.05514264106750488
2024-07-31,WST,0.08049631118774414
2024-08-30,WST,0.028401494026184082
2024-09-30,WST,0.08700919151306152
2024-10-31,WST,0.047008633613586426
2024-11-29,WST,0.042810916900634766
2024-06-28,XEL,0.022463083267211914
2024-07-31,XEL,-0.03621566295623779
2024-08-30,XEL,-0.021492958068847656
2024-09-30,XEL,-0.03443402051925659
2024-10-31,XEL,-0.05438733100891113
2024-11-29,XEL,-0.06726562976837158
2024-06-28,YUM,0.008258461952209473
2024-07-31,YUM,-0.03812223672866821
2024-08-30,YUM,-0.010385751724243164
2024-09-30,YUM,-0.055669546127319336
2024-10-31,YUM,0.007658839225769043
2024-11-29,YUM,-0.03977656364440918
